[API LOG] POST /api/auth/register/ → 400 | 126.36 ms | User: Anonymous
[API LOG] POST /api/auth/register/ → 201 | 1465.57 ms | User: Anonymous
[API LOG] POST /api/auth/login/ → 200 | 1455.1 ms | User: Anonymous
[API LOG] POST /api/auth/refresh/ → 200 | 6.71 ms | User: Anonymous
[API LOG] GET /api/auth/validate-token/ → 200 | 2.99 ms | User: abdi
[API LOG] GET /api/programmers/ → 200 | 4.81 ms | User: abdi
[API LOG] GET /api/programmers/ → 200 | 4.64 ms | User: Anonymous
[API LOG] GET /api/programmers/ → 200 | 7.28 ms | User: abdi
[API LOG] POST /api/programmers/ → 400 | 104.64 ms | User: abdi
[API LOG] POST /api/programmers/ → 201 | 233.08 ms | User: abdi
[API LOG] GET /api/programmers/11/ → 200 | 5.21 ms | User: Anonymous
[API LOG] GET /api/programmers/12/ → 200 | 3.02 ms | User: Anonymous
[API LOG] GET /api/programmers/15/ → 200 | 5.01 ms | User: Anonymous
[API LOG] GET /api/programmers/16/ → 200 | 4.47 ms | User: Anonymous
[API LOG] GET /api/programmers/19/ → 404 | 1.95 ms | User: Anonymous
[API LOG] PATCH /api/programmers/16/ → 200 | 43.43 ms | User: abdi
[API LOG] DELETE /api/programmers/15/ → 405 | 11.59 ms | User: abdi
[API LOG] DELETE /api/programmers/15/ → 204 | 48.54 ms | User: abdi
[API LOG] GET /api/programmers/15/ → 404 | 2.37 ms | User: Anonymous
[API LOG] GET /api/programmers/16/ → 200 | 3.38 ms | User: Anonymous
[API LOG] POST /api/programmers/16/rate/ → 200 | 31.94 ms | User: abdi
[API LOG] GET /api/profile/ → 200 | 34.45 ms | User: abdi
[API LOG] PATCH /api/profile/ → 200 | 31.3 ms | User: abdi
[API LOG] POST /api/auth/login/ → 401 | 1516.38 ms | User: Anonymous
[API LOG] POST /api/auth/login/ → 401 | 1312.11 ms | User: Anonymous
[API LOG] POST /api/auth/login/ → 401 | 1470.69 ms | User: Anonymous
[API LOG] POST /api/auth/login/ → 401 | 1301.13 ms | User: Anonymous
[API LOG] GET /api/programmers/16/ → 200 | 5.38 ms | User: Anonymous
[API LOG] POST /api/auth/login/ → 401 | 1331.6 ms | User: Anonymous
[API LOG] POST /api/auth/register/ → 201 | 1569.43 ms | User: Anonymous
[API LOG] POST /api/auth/login/ → 200 | 1366.21 ms | User: Anonymous
[API LOG] POST /api/auth/login/ → 401 | 1278.84 ms | User: Anonymous
[API LOG] GET /api/auth/validate-token/ → 401 | 0.85 ms | User: Anonymous
[API LOG] GET /api/auth/validate-token/ → 401 | 0.8 ms | User: Anonymous
[API LOG] GET /api/auth/validate-token/ → 401 | 12.57 ms | User: Anonymous
[API LOG] GET /api/programmers/ → 200 | 7.6 ms | User: Anonymous
[API LOG] GET /api/programmers/ → 200 | 12.16 ms | User: Anonymous
[API LOG] GET / → 404 | 144.47 ms | User: Anonymous
[API LOG] GET /favicon.ico → 404 | 2.87 ms | User: Anonymous
[API LOG] GET / → 404 | 84.64 ms | User: Anonymous
[API LOG] GET /favicon.ico → 404 | 7.73 ms | User: Anonymous
[API LOG] GET /api/programmers/ → 200 | 211.58 ms | User: Anonymous
[API LOG] GET /api/programmers/ → 200 | 11.48 ms | User: Anonymous
[API LOG] GET /api/programmers/ → 200 | 12.05 ms | User: Anonymous
[API LOG] GET /api/programmers/ → 200 | 10.76 ms | User: Anonymous
[API LOG] POST /api/auth/register/ → 400 | 194.45 ms | User: Anonymous
[API LOG] POST /api/auth/register/ → 400 | 11.65 ms | User: Anonymous
[API LOG] POST /api/auth/register/ → 400 | 9.87 ms | User: Anonymous
[API LOG] GET /api/programmers/ → 200 | 19.38 ms | User: Anonymous
[API LOG] POST /api/auth/register/ → 400 | 8.83 ms | User: Anonymous
[API LOG] GET / → 404 | 128.45 ms | User: Anonymous
[API LOG] GET / → 404 | 4.76 ms | User: Anonymous
[API LOG] GET /api/programmers/ → 200 | 9.99 ms | User: Anonymous
[API LOG] GET /api/programmers/ → 200 | 7.89 ms | User: Anonymous
[API LOG] POST /api/auth/register/ → 400 | 305.09 ms | User: Anonymous
[API LOG] POST /api/auth/register/ → 201 | 1414.46 ms | User: Anonymous
[API LOG] POST /api/auth/login/ → 400 | 1120.32 ms | User: Anonymous
[API LOG] GET /api/programmers/ → 200 | 3.7 ms | User: Anonymous
[API LOG] GET /api/programmers/ → 200 | 2.3 ms | User: Anonymous
[API LOG] GET /api/programmers/ → 200 | 2.43 ms | User: Anonymous
[API LOG] GET /api/programmers/ → 200 | 10.2 ms | User: Anonymous
[API LOG] GET /api/programmers/ → 200 | 9.16 ms | User: Anonymous
[API LOG] GET /api/programmers/ → 200 | 3.98 ms | User: Anonymous
[API LOG] GET /api/programmers/ → 200 | 5.32 ms | User: Anonymous
[API LOG] GET /api/programmers/ → 200 | 4.73 ms | User: Anonymous
[API LOG] GET /api/programmers/ → 200 | 2.26 ms | User: Anonymous
[API LOG] GET /api/programmers/ → 200 | 4.57 ms | User: Anonymous
[API LOG] GET /api/programmers/ → 200 | 5.19 ms | User: Anonymous
[API LOG] GET /api/programmers/ → 200 | 6.21 ms | User: Anonymous
[API LOG] GET /api/programmers/ → 200 | 8.99 ms | User: Anonymous
[API LOG] GET /api/programmers/ → 200 | 4.91 ms | User: Anonymous
[API LOG] GET /api/programmers/ → 200 | 5.28 ms | User: Anonymous
[API LOG] GET /api/programmers/ → 200 | 7.76 ms | User: Anonymous
[API LOG] GET /api/programmers/ → 200 | 7.26 ms | User: Anonymous
[API LOG] POST /api/auth/register/ → 201 | 1129.84 ms | User: Anonymous
[API LOG] POST /api/auth/login/ → 400 | 1221.84 ms | User: Anonymous
[API LOG] GET /api/programmers/ → 200 | 15.18 ms | User: Anonymous
[API LOG] GET /api/programmers/1/ → 200 | 4.13 ms | User: Anonymous
[API LOG] POST /api/auth/login/ → 400 | 1445.03 ms | User: Anonymous
[API LOG] GET /api/programmers/ → 200 | 14.23 ms | User: Anonymous
[API LOG] GET /api/programmers/1/ → 200 | 12.08 ms | User: Anonymous
[API LOG] GET /api/programmers/ → 200 | 3.37 ms | User: Anonymous
[API LOG] GET /api/programmers/ → 200 | 5.36 ms | User: Anonymous
[API LOG] POST /api/auth/register/ → 201 | 1193.97 ms | User: Anonymous
[API LOG] POST /api/auth/login/ → 400 | 1229.96 ms | User: Anonymous
[API LOG] GET /api/programmers/ → 200 | 3.57 ms | User: Anonymous
[API LOG] GET /api/programmers/1/ → 200 | 4.32 ms | User: Anonymous
[API LOG] GET /api/programmers/ → 200 | 10.59 ms | User: Anonymous
[API LOG] GET /api/programmers/1/ → 200 | 13.09 ms | User: Anonymous
[API LOG] GET /api/programmers/ → 200 | 6.89 ms | User: Anonymous
[API LOG] POST /api/auth/login/ → 200 | 1284.57 ms | User: Anonymous
[API LOG] POST /api/auth/login/ → 200 | 1223.33 ms | User: Anonymous
[API LOG] GET /api/programmers/ → 200 | 11.87 ms | User: Anonymous
[API LOG] GET /api/programmers/ → 200 | 4.32 ms | User: Anonymous
[API LOG] GET /api/programmers/ → 200 | 13.13 ms | User: Anonymous
[API LOG] GET /api/programmers/2/ → 200 | 19.3 ms | User: Anonymous
[API LOG] POST /api/auth/login/ → 200 | 1433.8 ms | User: Anonymous
[API LOG] GET /api/programmers/ → 200 | 14.17 ms | User: Anonymous
[API LOG] GET /api/programmers/2/ → 200 | 18.19 ms | User: Anonymous
[API LOG] GET /api/programmers/2/ → 200 | 4.52 ms | User: Anonymous
[API LOG] GET /api/programmers/ → 200 | 4.26 ms | User: Anonymous
[API LOG] GET /api/programmers/ → 200 | 13.47 ms | User: Anonymous
[API LOG] GET /api/programmers/2/ → 200 | 5.72 ms | User: Anonymous
[API LOG] GET /api/programmers/ → 200 | 40.04 ms | User: Anonymous
[API LOG] GET /api/programmers/2/ → 200 | 7.82 ms | User: Anonymous
[API LOG] GET /api/programmers/ → 200 | 7.13 ms | User: Anonymous
[API LOG] GET /api/programmers/ → 200 | 4.16 ms | User: Anonymous
[API LOG] GET /api/programmers/2/ → 200 | 13.01 ms | User: Anonymous
[API LOG] GET /api/programmers/ → 200 | 9.25 ms | User: Anonymous
[API LOG] GET /api/programmers/ → 200 | 4.4 ms | User: Anonymous
[API LOG] POST /api/auth/register/ → 201 | 1380.13 ms | User: Anonymous
[API LOG] POST /api/auth/login/ → 200 | 1241.05 ms | User: Anonymous
[API LOG] GET /api/programmers/ → 200 | 4.98 ms | User: Anonymous
[API LOG] GET /api/programmers/2/ → 200 | 12.28 ms | User: Anonymous
[API LOG] GET /api/programmers/ → 200 | 18.05 ms | User: Anonymous
[API LOG] POST /api/auth/login/ → 200 | 1314.12 ms | User: Anonymous
[API LOG] POST /api/auth/login/ → 400 | 1146.23 ms | User: Anonymous
[API LOG] POST /api/auth/register/ → 201 | 1224.22 ms | User: Anonymous
[API LOG] POST /api/auth/login/ → 200 | 1352.63 ms | User: Anonymous
[API LOG] GET /api/programmers/ → 200 | 10.79 ms | User: Anonymous
[API LOG] GET /api/programmers/ → 200 | 3.87 ms | User: Anonymous
[API LOG] POST /api/auth/login/ → 200 | 1200.97 ms | User: Anonymous
[API LOG] GET /api/clients/ → 404 | 13.76 ms | User: Anonymous
[API LOG] GET /api/users/ → 404 | 6.78 ms | User: Anonymous
[API LOG] GET /api/user/ → 404 | 14.0 ms | User: Anonymous
[API LOG] GET /api/User/ → 404 | 8.33 ms | User: Anonymous
[API LOG] POST /api/auth/login/ → 200 | 1387.67 ms | User: Anonymous
[API LOG] GET /api/programmers/ → 200 | 12.34 ms | User: Anonymous
[API LOG] POST /api/auth/login/ → 200 | 1323.71 ms | User: Anonymous
[API LOG] GET /api/programmers/ → 200 | 3.84 ms | User: Anonymous
[API LOG] GET /api/programmers/3/ → 200 | 3.82 ms | User: Anonymous
[API LOG] GET /api/login/ → 404 | 27.07 ms | User: Anonymous
[API LOG] POST /api/auth/login/ → 200 | 1406.64 ms | User: Anonymous
[API LOG] POST /api/auth/login/ → 200 | 1385.3 ms | User: Anonymous
[API LOG] POST /api/auth/login/ → 200 | 1476.19 ms | User: Anonymous
[API LOG] GET /api/programmers/ → 200 | 4.67 ms | User: Anonymous
[API LOG] POST /api/auth/login/ → 500 | 1548.51 ms | User: Anonymous
[API LOG] POST /api/auth/login/ → 500 | 1338.31 ms | User: Anonymous
[API LOG] POST /api/auth/login/ → 200 | 1470.24 ms | User: Anonymous
[API LOG] POST /api/auth/login/ → 200 | 1397.46 ms | User: Anonymous
[API LOG] POST /api/auth/login/ → 200 | 1247.15 ms | User: Anonymous
[API LOG] POST /api/auth/login/ → 401 | 1202.35 ms | User: Anonymous
[API LOG] POST /api/auth/login/ → 200 | 1330.32 ms | User: Anonymous
[API LOG] POST /api/auth/login/ → 200 | 1297.24 ms | User: Anonymous
[API LOG] GET /api/programmers/ → 200 | 11.57 ms | User: Anonymous
[API LOG] GET /api/programmers/ → 200 | 6.0 ms | User: Anonymous
[API LOG] GET /api/programmers/ → 200 | 3.43 ms | User: Anonymous
[API LOG] GET /api/programmers/ → 200 | 9.95 ms | User: Anonymous
[API LOG] GET /api/programmers/ → 200 | 3.72 ms | User: Anonymous
[API LOG] GET /api/programmers/ → 200 | 22.66 ms | User: Anonymous
[API LOG] GET /api/programmers/ → 200 | 5.51 ms | User: Anonymous
[API LOG] GET /api/programmers/ → 200 | 3.25 ms | User: Anonymous
[API LOG] GET /api/programmers/2/ → 200 | 4.59 ms | User: Anonymous
[API LOG] GET /api/programmers/ → 200 | 3.68 ms | User: Anonymous
[API LOG] GET /api/programmers/3/ → 200 | 11.24 ms | User: Anonymous
[API LOG] GET /api/programmers/ → 200 | 8.6 ms | User: Anonymous
[API LOG] GET /api/programmers/2/ → 200 | 17.89 ms | User: Anonymous
[API LOG] GET /api/programmers/ → 200 | 3.68 ms | User: Anonymous
[API LOG] GET /api/programmers/ → 200 | 7.42 ms | User: Anonymous
[API LOG] GET /api/programmers/ → 200 | 13.24 ms | User: Anonymous
[API LOG] GET /api/programmers/ → 200 | 12.24 ms | User: Anonymous
[API LOG] GET /api/programmers/ → 200 | 14.73 ms | User: Anonymous
[API LOG] GET /api/programmers/ → 200 | 7.53 ms | User: Anonymous
[API LOG] GET /api/programmers/2/ → 200 | 6.92 ms | User: Anonymous
[API LOG] GET /api/programmers/2/ → 200 | 5.14 ms | User: Anonymous
[API LOG] GET /api/programmers/2/ → 200 | 6.08 ms | User: Anonymous
[API LOG] POST /api/auth/login/ → 200 | 1739.22 ms | User: Anonymous
[API LOG] GET /api/programmers/ → 200 | 26.14 ms | User: Anonymous
[API LOG] GET /api/programmers/2/ → 200 | 4.34 ms | User: Anonymous
[API LOG] GET /api/programmers/ → 200 | 3.62 ms | User: Anonymous
[API LOG] GET /api/programmers/2/ → 200 | 2.8 ms | User: Anonymous
[API LOG] GET /api/programmers/ → 200 | 5.48 ms | User: Anonymous
[API LOG] POST /api/auth/login/ → 200 | 1293.54 ms | User: Anonymous
[API LOG] GET /api/programmers/ → 200 | 6.05 ms | User: Anonymous
[API LOG] GET /api/programmers/2/ → 200 | 4.2 ms | User: Anonymous
[API LOG] GET /api/programmers/ → 500 | 134.67 ms | User: Anonymous
[API LOG] GET /api/programmers/ → 500 | 131.71 ms | User: Anonymous
[API LOG] GET /api/programmers/ → 500 | 98.79 ms | User: Anonymous
[API LOG] GET /api/programmers/ → 500 | 64.61 ms | User: Anonymous
[API LOG] GET /api/programmers/ → 500 | 71.65 ms | User: Anonymous
[API LOG] GET /api/programmers/ → 500 | 115.76 ms | User: Anonymous
[API LOG] GET /api/programmers/ → 500 | 68.93 ms | User: Anonymous
[API LOG] GET /api/programmers/2/ → 500 | 93.21 ms | User: Anonymous
[API LOG] GET /api/programmers/ → 500 | 55.74 ms | User: Anonymous
[API LOG] GET /api/programmers/ → 500 | 173.49 ms | User: Anonymous
[API LOG] POST /api/auth/register/ → 201 | 1411.86 ms | User: Anonymous
[API LOG] POST /api/auth/login/ → 200 | 1429.57 ms | User: Anonymous
[API LOG] GET /api/programmers/ → 500 | 66.33 ms | User: Anonymous
[API LOG] GET /api/programmers/ → 500 | 92.4 ms | User: Anonymous
[API LOG] GET /api/programmers/ → 500 | 160.67 ms | User: Anonymous
[API LOG] POST /api/auth/login/ → 200 | 1277.29 ms | User: Anonymous
[API LOG] POST /api/auth/login/ → 200 | 1208.13 ms | User: Anonymous
[API LOG] GET /api/programmers/ → 500 | 163.32 ms | User: Anonymous
[API LOG] GET /api/programmers/ → 500 | 65.0 ms | User: Anonymous
[API LOG] GET /api/programmers/?page=1 → 500 | 109.83 ms | User: Anonymous
[API LOG] GET /favicon.ico → 404 | 13.17 ms | User: Anonymous
[API LOG] GET /api/programmers/?page=1 → 200 | 250.49 ms | User: Anonymous
[API LOG] GET /favicon.ico → 404 | 9.45 ms | User: Anonymous
[API LOG] GET /api/programmers/ → 200 | 8.55 ms | User: Anonymous
[API LOG] GET /api/programmers/ → 200 | 4.49 ms | User: Anonymous
[API LOG] GET /api/programmers/2/ → 200 | 5.38 ms | User: Anonymous
[API LOG] POST /api/programmers/2/view/ → 401 | 4.59 ms | User: Anonymous
[API LOG] GET /api/programmers/2/ → 200 | 31.3 ms | User: Anonymous
[API LOG] POST /api/auth/login/ → 200 | 1326.7 ms | User: Anonymous
[API LOG] GET /api/programmers/ → 200 | 13.62 ms | User: Anonymous
[API LOG] GET /api/programmers/2/ → 200 | 3.45 ms | User: Anonymous
[API LOG] POST /api/programmers/2/view/ → 401 | 0.72 ms | User: Anonymous
[API LOG] GET /api/programmers/2/ → 200 | 46.89 ms | User: Anonymous
[API LOG] POST /api/programmers/2/contact/ → 401 | 1.83 ms | User: Anonymous
[API LOG] GET /api/programmers/2/ → 200 | 47.88 ms | User: Anonymous
[API LOG] GET /api/programmers/2/ → 200 | 294.29 ms | User: Anonymous
[API LOG] GET /favicon.ico → 404 | 25.53 ms | User: Anonymous
[API LOG] GET /api/programmers/ → 200 | 14.85 ms | User: Anonymous
[API LOG] GET /api/programmers/2/ → 200 | 7.17 ms | User: Anonymous
[API LOG] POST /api/programmers/2/view/ → 401 | 1.79 ms | User: Anonymous
[API LOG] GET /api/programmers/2/ → 200 | 34.41 ms | User: Anonymous
[API LOG] GET /api/programmers/ → 200 | 13.76 ms | User: Anonymous
[API LOG] GET /api/programmers/2/ → 200 | 10.94 ms | User: Anonymous
[API LOG] POST /api/programmers/2/view/ → 401 | 0.71 ms | User: Anonymous
[API LOG] POST /api/programmers/2/contact/ → 401 | 1.62 ms | User: Anonymous
[API LOG] GET /api/programmers/2/ → 200 | 110.15 ms | User: Anonymous
[API LOG] POST /api/programmers/2/view/ → 401 | 1.2 ms | User: Anonymous
[API LOG] POST /api/programmers/2/contact/ → 401 | 1.19 ms | User: Anonymous
[API LOG] POST /api/programmers/2/view/ → 200 | 30.62 ms | User: Anonymous
[API LOG] GET /api/programmers/2/ → 200 | 144.88 ms | User: Anonymous
[API LOG] POST /api/programmers/2/contact/ → 200 | 21.78 ms | User: Anonymous
[API LOG] GET /api/programmers/ → 200 | 8.42 ms | User: Anonymous
[API LOG] GET /api/programmers/2/ → 200 | 4.7 ms | User: Anonymous
[API LOG] POST /api/programmers/2/view/ → 200 | 17.35 ms | User: Anonymous
[API LOG] GET /api/programmers/2/ → 200 | 9.93 ms | User: Anonymous
[API LOG] POST /api/programmers/2/contact/ → 200 | 15.62 ms | User: Anonymous
[API LOG] GET /api/programmers/2/ → 200 | 27.36 ms | User: Anonymous
[API LOG] POST /api/auth/login/ → 200 | 1345.05 ms | User: Anonymous
[API LOG] GET /api/programmers/ → 200 | 8.36 ms | User: Anonymous
[API LOG] GET /api/programmers/2/ → 200 | 20.44 ms | User: Anonymous
[API LOG] POST /api/programmers/2/view/ → 200 | 145.11 ms | User: Anonymous
[API LOG] GET /api/programmers/ → 200 | 11.94 ms | User: Anonymous
[API LOG] GET /api/programmers/ → 200 | 28.38 ms | User: Anonymous
[API LOG] GET /api/programmers/2/ → 200 | 7.52 ms | User: Anonymous
[API LOG] POST /api/programmers/2/view/ → 200 | 7.38 ms | User: Anonymous
[API LOG] GET /api/programmers/ → 200 | 10.25 ms | User: Anonymous
[API LOG] GET /api/programmers/2/ → 200 | 4.45 ms | User: Anonymous
[API LOG] POST /api/programmers/2/view/ → 200 | 8.33 ms | User: Anonymous
[API LOG] GET /api/programmers/ → 200 | 3.73 ms | User: Anonymous
[API LOG] GET /api/programmers/ → 200 | 16.2 ms | User: Anonymous
[API LOG] GET /api/programmers/?search=python → 200 | 589.05 ms | User: Anonymous
[API LOG] GET /favicon.ico → 404 | 5.42 ms | User: Anonymous
[API LOG] GET /api/programmers/ → 200 | 15.59 ms | User: Anonymous
[API LOG] GET /api/programmers/ → 200 | 5.91 ms | User: Anonymous
[API LOG] GET /api/programmers/ → 200 | 4.87 ms | User: Anonymous
[API LOG] GET /api/programmers/ → 200 | 7.53 ms | User: Anonymous
[API LOG] GET /api/programmers/?search=python → 200 | 9.29 ms | User: Anonymous
[API LOG] GET /api/programmers/?search=data → 200 | 5.21 ms | User: Anonymous
[API LOG] GET /api/programmers/?search=machine → 200 | 8.29 ms | User: Anonymous
[API LOG] GET /api/programmers/?search=ahmed → 200 | 3.58 ms | User: Anonymous
[API LOG] GET /api/programmers/ → 200 | 4.45 ms | User: Anonymous
[API LOG] GET /api/programmers/ → 200 | 7.29 ms | User: Anonymous
[API LOG] GET /api/programmers/ → 200 | 14.89 ms | User: Anonymous
[API LOG] GET /api/programmers/?search=machine → 200 | 7.31 ms | User: Anonymous
[API LOG] GET /api/programmers/ → 200 | 8.63 ms | User: Anonymous
[API LOG] GET /api/programmers/?search=machine → 200 | 4.04 ms | User: Anonymous
[API LOG] GET /api/programmers/ → 200 | 11.33 ms | User: Anonymous
[API LOG] GET /api/programmers/ → 200 | 4.51 ms | User: Anonymous
[API LOG] GET /api/programmers/ → 200 | 4.76 ms | User: Anonymous
[API LOG] GET /api/programmers/ → 200 | 4.24 ms | User: Anonymous
[API LOG] GET /api/programmers/ → 200 | 4.24 ms | User: Anonymous
[API LOG] GET /api/programmers/ → 200 | 15.79 ms | User: Anonymous
[API LOG] GET /api/programmers/ → 200 | 3.88 ms | User: Anonymous
[API LOG] GET /api/programmers/ → 200 | 27.77 ms | User: Anonymous
[API LOG] GET /api/programmers/ → 200 | 7.13 ms | User: Anonymous
[API LOG] GET /api/programmers/ → 200 | 6.53 ms | User: Anonymous
[API LOG] GET /api/programmers/ → 200 | 4.58 ms | User: Anonymous
[API LOG] GET /api/programmers/ → 200 | 10.53 ms | User: Anonymous
[API LOG] GET /api/programmers/?search=ahmed → 200 | 14.25 ms | User: Anonymous
[API LOG] GET /api/programmers/?search=ahmed → 200 | 8.05 ms | User: Anonymous
[API LOG] GET /api/programmers/ → 200 | 4.42 ms | User: Anonymous
[API LOG] GET /api/programmers/?search=ahmed → 200 | 14.92 ms | User: Anonymous
[API LOG] GET /api/programmers/?search=machine → 200 | 12.36 ms | User: Anonymous
[API LOG] GET /api/programmers/?search=ibrahim → 200 | 7.07 ms | User: Anonymous
[API LOG] GET /api/programmers/?search=ali → 200 | 3.68 ms | User: Anonymous
[API LOG] GET /api/programmers/ → 200 | 3.21 ms | User: Anonymous
[API LOG] GET /api/programmers/?search=mobile → 200 | 14.09 ms | User: Anonymous
[API LOG] GET /api/programmers/?search=mobile → 200 | 13.58 ms | User: Anonymous
[API LOG] GET /api/programmers/?search=mobile → 200 | 12.89 ms | User: Anonymous
[API LOG] GET /api/programmers/?search=mobile → 200 | 9.69 ms | User: Anonymous
[API LOG] GET /api/programmers/ → 200 | 2.83 ms | User: Anonymous
[API LOG] GET /api/programmers/?search=ahmed → 200 | 4.95 ms | User: Anonymous
[API LOG] GET /api/programmers/?search=django → 200 | 10.79 ms | User: Anonymous
[API LOG] GET /api/programmers/?search=django%20machine → 200 | 13.05 ms | User: Anonymous
[API LOG] GET /api/programmers/?search=developer → 200 | 13.67 ms | User: Anonymous
[API LOG] GET /api/programmers/?search=scientist → 200 | 17.52 ms | User: Anonymous
[API LOG] GET /api/programmers/?search=python → 200 | 9.47 ms | User: Anonymous
[API LOG] GET /api/programmers/?search=data → 200 | 4.07 ms | User: Anonymous
[API LOG] GET /api/programmers/?search=machine → 200 | 4.95 ms | User: Anonymous
[API LOG] GET /api/programmers/?search=mobile → 200 | 4.94 ms | User: Anonymous
[API LOG] GET /api/programmers/?search=scientist → 200 | 6.81 ms | User: Anonymous
[API LOG] GET /api/programmers/?search=ahmed → 200 | 4.52 ms | User: Anonymous
[API LOG] GET /api/programmers/?search=django → 200 | 4.6 ms | User: Anonymous
[API LOG] GET /api/programmers/?search=backend → 200 | 3.26 ms | User: Anonymous
[API LOG] GET /api/programmers/?search=hamze%40gmail.com → 200 | 46.72 ms | User: Anonymous
[API LOG] GET /api/programmers/?search=%40gmail.com → 200 | 3.62 ms | User: Anonymous
[API LOG] GET /api/programmers/?search=python%20machine → 200 | 46.65 ms | User: Anonymous
[API LOG] GET /favicon.ico → 404 | 211.47 ms | User: Anonymous
[API LOG] GET /api/programmers/?search=%D9%8A → 200 | 152.76 ms | User: Anonymous
[API LOG] GET /api/programmers/ → 200 | 8.27 ms | User: Anonymous
[API LOG] GET /api/programmers/?search=lond → 200 | 6.48 ms | User: Anonymous
[API LOG] GET /api/programmers/ → 200 | 5.41 ms | User: Anonymous
[API LOG] GET /api/programmers/ → 200 | 6.74 ms | User: Anonymous
[API LOG] POST /api/auth/register/ → 500 | 2383.19 ms | User: Anonymous
[API LOG] POST /api/auth/register/ → 201 | 1266.42 ms | User: Anonymous
[API LOG] POST /api/auth/login/ → 200 | 1282.67 ms | User: Anonymous
[API LOG] GET /api/programmers/ → 200 | 6.76 ms | User: Anonymous
[API LOG] GET /api/programmers/ → 200 | 5.77 ms | User: Anonymous
[API LOG] GET /api/programmers/5/ → 200 | 4.52 ms | User: Anonymous
[API LOG] POST /api/programmers/5/view/ → 200 | 12.73 ms | User: Anonymous
[API LOG] GET /api/programmers/ → 200 | 19.6 ms | User: Anonymous
[API LOG] GET /api/programmers/2/ → 200 | 7.56 ms | User: Anonymous
[API LOG] POST /api/programmers/2/view/ → 200 | 11.49 ms | User: Anonymous
[API LOG] POST /api/programmers/2/rate/ → 401 | 35.82 ms | User: Anonymous
[API LOG] GET /api/programmers/ → 200 | 6.36 ms | User: Anonymous
[API LOG] GET /favicon.ico → 404 | 173.21 ms | User: Anonymous
[API LOG] GET /api/programmers/ → 200 | 65.5 ms | User: Anonymous
[API LOG] GET /api/programmers/ → 200 | 10.75 ms | User: Anonymous
[API LOG] GET /api/programmers/ → 200 | 12.18 ms | User: Anonymous
[API LOG] GET /api/programmers/ → 200 | 6.56 ms | User: Anonymous
[API LOG] GET /api/programmers/ → 200 | 7.37 ms | User: Anonymous
[API LOG] GET /api/programmers/5/ → 200 | 3.41 ms | User: Anonymous
[API LOG] POST /api/programmers/5/view/ → 200 | 8.94 ms | User: Anonymous
[API LOG] POST /api/programmers/5/rate/ → 401 | 23.67 ms | User: Anonymous
[API LOG] POST /api/auth/register/ → 201 | 411.09 ms | User: Anonymous
[API LOG] POST /api/auth/login/ → 200 | 366.06 ms | User: Anonymous
[API LOG] GET /api/profile/ → 200 | 2.84 ms | User: faisal
[API LOG] GET /api/programmers/ → 200 | 2.6 ms | User: Anonymous
[API LOG] GET /api/programmers/6/ → 200 | 2.82 ms | User: Anonymous
[API LOG] POST /api/programmers/6/view/ → 200 | 5.37 ms | User: Anonymous
[API LOG] GET /api/programmers/6/ → 200 | 4.68 ms | User: Anonymous
[API LOG] POST /api/programmers/6/view/ → 200 | 5.55 ms | User: Anonymous
[API LOG] GET /api/programmers/6/ → 200 | 4.6 ms | User: Anonymous
[API LOG] POST /api/programmers/6/view/ → 200 | 6.38 ms | User: Anonymous
[API LOG] POST /api/programmers/6/rate/ → 200 | 10.19 ms | User: faisal
[API LOG] GET /api/profile/ → 200 | 4.6 ms | User: faisal
[API LOG] GET /api/programmers/ → 200 | 3.59 ms | User: Anonymous
[API LOG] GET /api/programmers/6/ → 200 | 2.66 ms | User: Anonymous
[API LOG] POST /api/programmers/6/view/ → 200 | 8.42 ms | User: Anonymous
[API LOG] POST /api/programmers/6/rate/ → 200 | 11.86 ms | User: faisal
[API LOG] GET /api/profile/ → 200 | 7.96 ms | User: faisal
[API LOG] POST /api/auth/login/ → 401 | 400.69 ms | User: Anonymous
[API LOG] POST /api/auth/login/ → 401 | 479.6 ms | User: Anonymous
[API LOG] POST /api/auth/login/ → 200 | 427.55 ms | User: Anonymous
[API LOG] GET /api/profile/ → 200 | 3.8 ms | User: London
[API LOG] GET /api/programmers/ → 200 | 9.55 ms | User: Anonymous
[API LOG] GET /api/programmers/6/ → 200 | 4.51 ms | User: Anonymous
[API LOG] POST /api/programmers/6/view/ → 200 | 10.34 ms | User: Anonymous
[API LOG] POST /api/programmers/6/rate/ → 200 | 13.58 ms | User: London
[API LOG] POST /api/programmers/6/rate/ → 200 | 6.83 ms | User: London
[API LOG] POST /api/programmers/6/rate/ → 200 | 14.06 ms | User: London
[API LOG] GET /api/profile/ → 200 | 6.73 ms | User: London
[API LOG] PATCH /api/profile/ → 400 | 6.86 ms | User: London
[API LOG] GET /api/programmers/ → 200 | 7.31 ms | User: Anonymous
[API LOG] GET /api/programmers/?search=Web → 200 | 6.28 ms | User: Anonymous
[API LOG] GET /api/programmers/?search=Web → 200 | 6.56 ms | User: Anonymous
[API LOG] GET /api/programmers/?search=Mobile → 200 | 6.94 ms | User: Anonymous
[API LOG] GET /api/programmers/?search=Design → 200 | 5.83 ms | User: Anonymous
[API LOG] GET /api/programmers/?search=Data → 200 | 6.27 ms | User: Anonymous
[API LOG] POST /api/contact/ → 200 | 56.24 ms | User: Anonymous
[API LOG] GET /api/profile/ → 200 | 13.26 ms | User: London
[API LOG] PATCH /api/profile/ → 400 | 8.99 ms | User: London
[API LOG] PATCH /api/profile/ → 400 | 11.5 ms | User: London
[API LOG] GET /api/programmers/ → 200 | 16.29 ms | User: Anonymous
[API LOG] GET /api/profile/ → 401 | 31.93 ms | User: Anonymous
[API LOG] PATCH /api/profile/ → 401 | 3.9 ms | User: Anonymous
[API LOG] GET /api/programmers/ → 200 | 2.83 ms | User: Anonymous
[API LOG] GET /api/programmers/?search=am → 200 | 6.47 ms | User: Anonymous
[API LOG] GET /api/programmers/?search=ame → 200 | 2.09 ms | User: Anonymous
[API LOG] GET /api/programmers/ → 200 | 4.46 ms | User: Anonymous
[API LOG] GET /api/profile/ → 401 | 1.71 ms | User: Anonymous
[API LOG] POST /api/auth/login/ → 200 | 363.48 ms | User: Anonymous
[API LOG] GET /api/profile/ → 200 | 2.49 ms | User: faisal
[API LOG] PATCH /api/profile/ → 400 | 2.98 ms | User: faisal
[API LOG] GET /api/programmers/ → 200 | 3.43 ms | User: Anonymous
[API LOG] GET /api/programmers/6/ → 200 | 2.16 ms | User: Anonymous
[API LOG] POST /api/programmers/6/view/ → 200 | 11.64 ms | User: Anonymous
[API LOG] POST /api/programmers/6/rate/ → 200 | 11.27 ms | User: faisal
[API LOG] POST /api/programmers/6/rate/ → 200 | 11.79 ms | User: faisal
[API LOG] GET /api/programmers/ → 200 | 4.69 ms | User: Anonymous
[API LOG] GET /api/profile/ → 200 | 7.76 ms | User: faisal
[API LOG] PATCH /api/profile/ → 400 | 22.83 ms | User: faisal
[API LOG] GET /api/programmers/ → 200 | 4.76 ms | User: Anonymous
[API LOG] GET /api/programmers/ → 200 | 3.24 ms | User: Anonymous
[API LOG] GET /api/programmers/ → 200 | 4.2 ms | User: Anonymous
[API LOG] GET /api/programmers/ → 200 | 2.22 ms | User: Anonymous
[API LOG] GET /api/programmers/ → 200 | 1.71 ms | User: Anonymous
[API LOG] GET /api/programmers/ → 200 | 5.66 ms | User: Anonymous
[API LOG] GET /api/programmers/ → 200 | 2.33 ms | User: Anonymous
[API LOG] GET /api/programmers/ → 200 | 2.24 ms | User: Anonymous
[API LOG] GET /api/profile/ → 401 | 22.84 ms | User: Anonymous
[API LOG] GET /api/programmers/ → 200 | 2.68 ms | User: Anonymous
[API LOG] GET /api/programmers/ → 200 | 2.85 ms | User: Anonymous
[API LOG] POST /api/auth/register/ → 201 | 383.49 ms | User: Anonymous
[API LOG] POST /api/auth/login/ → 401 | 468.38 ms | User: Anonymous
[API LOG] POST /api/auth/login/ → 200 | 355.65 ms | User: Anonymous
[API LOG] GET /api/profile/ → 200 | 4.84 ms | User: Amer
[API LOG] GET /api/programmers/ → 200 | 2.31 ms | User: Anonymous
[API LOG] GET /api/programmers/1/ → 200 | 2.56 ms | User: Anonymous
[API LOG] POST /api/programmers/1/view/ → 200 | 7.81 ms | User: Anonymous
[API LOG] POST /api/programmers/1/contact/ → 200 | 9.4 ms | User: Anonymous
[API LOG] GET /api/profile/ → 200 | 7.96 ms | User: Amer
[API LOG] PATCH /api/profile/ → 400 | 13.44 ms | User: Amer
[API LOG] PATCH /api/profile/ → 400 | 7.62 ms | User: Amer
[API LOG] GET /api/programmers/ → 200 | 6.91 ms | User: Anonymous
[API LOG] GET /api/profile/ → 200 | 3.55 ms | User: Amer
[API LOG] PATCH /api/profile/ → 400 | 7.68 ms | User: Amer
[API LOG] PATCH /api/profile/ → 200 | 9.8 ms | User: Amer
[API LOG] PATCH /api/profile/ → 200 | 23.57 ms | User: Amer
[API LOG] PATCH /api/profile/ → 200 | 14.61 ms | User: Amer
[API LOG] PATCH /api/profile/ → 200 | 21.23 ms | User: Amer
[API LOG] GET /api/programmers/ → 200 | 6.14 ms | User: Anonymous
[API LOG] GET /api/programmers/1/ → 200 | 3.04 ms | User: Anonymous
[API LOG] POST /api/programmers/1/view/ → 200 | 4.19 ms | User: Anonymous
[API LOG] GET /api/profile/ → 200 | 5.67 ms | User: Amer
[API LOG] PATCH /api/profile/ → 200 | 9.59 ms | User: Amer
[API LOG] POST /api/auth/register/ → 201 | 396.39 ms | User: Anonymous
[API LOG] POST /api/auth/login/ → 200 | 353.94 ms | User: Anonymous
[API LOG] GET /api/profile/ → 200 | 6.67 ms | User: Ahmed
[API LOG] PATCH /api/profile/ → 400 | 10.67 ms | User: Ahmed
[API LOG] PATCH /api/profile/ → 400 | 15.31 ms | User: Ahmed
[API LOG] PATCH /api/profile/ → 400 | 10.32 ms | User: Ahmed
[API LOG] PATCH /api/profile/ → 200 | 13.26 ms | User: Ahmed
[API LOG] GET /api/programmers/ → 200 | 4.09 ms | User: Anonymous
[API LOG] GET /api/programmers/2/ → 200 | 2.92 ms | User: Anonymous
[API LOG] POST /api/programmers/2/view/ → 200 | 5.75 ms | User: Anonymous
[API LOG] GET /api/programmers/ → 200 | 10.04 ms | User: Anonymous
[API LOG] GET /api/profile/ → 200 | 4.96 ms | User: Ahmed
[API LOG] PATCH /api/profile/ → 200 | 13.21 ms | User: Ahmed
[API LOG] GET /api/programmers/ → 200 | 12.55 ms | User: Anonymous
[API LOG] GET /api/programmers/ → 200 | 6.88 ms | User: Anonymous
[API LOG] POST /api/auth/register/ → 201 | 1073.83 ms | User: Anonymous
[API LOG] POST /api/auth/login/ → 200 | 1013.8 ms | User: Anonymous
[API LOG] GET /api/profile/ → 200 | 15.3 ms | User: faisal
[API LOG] PATCH /api/profile/ → 400 | 15.73 ms | User: faisal
[API LOG] PATCH /api/profile/ → 400 | 11.95 ms | User: faisal
[API LOG] PATCH /api/profile/ → 400 | 12.23 ms | User: faisal
[API LOG] PATCH /api/profile/ → 200 | 19.11 ms | User: faisal
[API LOG] PATCH /api/profile/ → 200 | 15.76 ms | User: faisal
[API LOG] GET /api/programmers/ → 200 | 5.81 ms | User: Anonymous
[API LOG] GET /api/programmers/ → 200 | 8.08 ms | User: Anonymous
[API LOG] GET /api/profile/ → 200 | 6.27 ms | User: faisal
[API LOG] GET /api/programmers/ → 200 | 4.24 ms | User: Anonymous
[API LOG] GET /api/programmers/1/ → 200 | 4.18 ms | User: Anonymous
[API LOG] POST /api/programmers/1/view/ → 200 | 11.47 ms | User: Anonymous
[API LOG] POST /api/programmers/1/rate/ → 200 | 22.61 ms | User: faisal
[API LOG] POST /api/auth/login/ → 200 | 806.55 ms | User: Anonymous
[API LOG] GET /api/profile/ → 200 | 7.82 ms | User: Ahmed
[API LOG] GET /api/programmers/ → 200 | 6.13 ms | User: Anonymous
[API LOG] GET /api/programmers/1/ → 200 | 3.8 ms | User: Anonymous
[API LOG] POST /api/programmers/1/view/ → 200 | 9.92 ms | User: Anonymous
[API LOG] POST /api/programmers/1/rate/ → 200 | 18.31 ms | User: Ahmed
[API LOG] POST /api/programmers/1/rate/ → 200 | 14.62 ms | User: Ahmed
[API LOG] POST /api/programmers/1/rate/ → 200 | 24.47 ms | User: Ahmed
[API LOG] POST /api/programmers/1/rate/ → 200 | 19.38 ms | User: Ahmed
[API LOG] POST /api/programmers/1/rate/ → 200 | 15.85 ms | User: Ahmed
[API LOG] POST /api/programmers/1/rate/ → 200 | 17.5 ms | User: Ahmed
[API LOG] POST /api/programmers/1/rate/ → 200 | 11.54 ms | User: Ahmed
[API LOG] POST /api/programmers/1/rate/ → 200 | 12.98 ms | User: Ahmed
[API LOG] POST /api/programmers/1/rate/ → 200 | 18.53 ms | User: Ahmed
[API LOG] GET /api/programmers/ → 200 | 43.5 ms | User: Anonymous
[API LOG] GET /api/programmers/ → 200 | 16.65 ms | User: Anonymous
[API LOG] GET /api/profile/ → 401 | 16904.65 ms | User: Anonymous
[API LOG] POST /api/auth/register/ → 201 | 1407.45 ms | User: Anonymous
[API LOG] POST /api/auth/login/ → 200 | 1370.66 ms | User: Anonymous
[API LOG] GET /api/profile/ → 200 | 4.35 ms | User: Hamze Ahmed
[API LOG] GET /api/programmers/ → 200 | 5.32 ms | User: Anonymous
[API LOG] GET /api/programmers/4/ → 200 | 7.61 ms | User: Anonymous
[API LOG] POST /api/programmers/4/view/ → 200 | 43.78 ms | User: Anonymous
[API LOG] GET /api/programmers/ → 200 | 8.71 ms | User: Anonymous
[API LOG] GET /api/programmers/2/ → 200 | 5.93 ms | User: Anonymous
[API LOG] POST /api/programmers/2/view/ → 200 | 65.93 ms | User: Anonymous
[API LOG] POST /api/programmers/2/rate/ → 200 | 51.33 ms | User: Hamze Ahmed
[API LOG] GET /api/profile/ → 200 | 19.73 ms | User: Hamze Ahmed
[API LOG] PATCH /api/profile/ → 200 | 122.81 ms | User: Hamze Ahmed
[API LOG] GET /api/programmers/ → 200 | 9.09 ms | User: Anonymous
[API LOG] GET /api/programmers/4/ → 200 | 3.89 ms | User: Anonymous
[API LOG] POST /api/programmers/4/view/ → 200 | 34.37 ms | User: Anonymous
[API LOG] POST /api/auth/register/ → 201 | 1380.07 ms | User: Anonymous
[API LOG] POST /api/auth/login/ → 200 | 1386.01 ms | User: Anonymous
[API LOG] GET /api/profile/ → 200 | 3.43 ms | User: Suleyman Ali
[API LOG] GET /api/programmers/ → 200 | 20.58 ms | User: Anonymous
[API LOG] GET /api/programmers/2/ → 200 | 4.16 ms | User: Anonymous
[API LOG] POST /api/programmers/2/view/ → 200 | 23.11 ms | User: Anonymous
[API LOG] POST /api/programmers/2/rate/ → 200 | 42.49 ms | User: Suleyman Ali
[API LOG] GET /api/programmers/ → 200 | 22.03 ms | User: Anonymous
[API LOG] POST /api/auth/register/ → 201 | 1281.31 ms | User: Anonymous
[API LOG] POST /api/auth/login/ → 200 | 1305.01 ms | User: Anonymous
[API LOG] GET /api/profile/ → 200 | 5.59 ms | User: London
[API LOG] GET /api/programmers/ → 200 | 27.89 ms | User: Anonymous
[API LOG] GET /api/profile/ → 200 | 29.97 ms | User: London
[API LOG] GET /api/programmers/ → 200 | 8.42 ms | User: Anonymous
[API LOG] GET /api/profile/ → 200 | 25.8 ms | User: London
[API LOG] PATCH /api/profile/ → 200 | 41.83 ms | User: London
[API LOG] GET /api/programmers/ → 200 | 5.42 ms | User: Anonymous
[API LOG] GET /api/profile/ → 200 | 4.37 ms | User: London
[API LOG] PATCH /api/profile/ → 200 | 48.03 ms | User: London
[API LOG] GET /api/programmers/ → 200 | 7.6 ms | User: Anonymous
[API LOG] GET /api/profile/ → 200 | 5.49 ms | User: London
[API LOG] GET /api/programmers/ → 200 | 6.89 ms | User: Anonymous
[API LOG] GET /api/programmers/?search=backend → 200 | 12.59 ms | User: Anonymous
[API LOG] GET /api/programmers/ → 200 | 8.03 ms | User: Anonymous
[API LOG] GET /api/profile/ → 200 | 9.17 ms | User: London
[API LOG] PATCH /api/profile/ → 200 | 122.18 ms | User: London
[API LOG] GET /api/programmers/ → 200 | 6.87 ms | User: Anonymous
[API LOG] GET /api/programmers/?search=frontend → 200 | 25.29 ms | User: Anonymous
[API LOG] GET /api/programmers/ → 200 | 21.48 ms | User: Anonymous
[API LOG] GET /api/profile/ → 200 | 13.82 ms | User: London
[API LOG] GET /api/programmers/ → 200 | 10.38 ms | User: Anonymous
[API LOG] GET /api/programmers/2/ → 200 | 3.44 ms | User: Anonymous
[API LOG] POST /api/programmers/2/view/ → 200 | 129.64 ms | User: Anonymous
[API LOG] POST /api/programmers/2/rate/ → 200 | 324.32 ms | User: London
[API LOG] GET /api/programmers/ → 200 | 7.57 ms | User: Anonymous
[API LOG] GET /api/programmers/?search=Mobile → 200 | 11.88 ms | User: Anonymous
[API LOG] GET /api/programmers/ → 200 | 7.52 ms | User: Anonymous
[API LOG] GET /api/programmers/?search=f → 200 | 8.94 ms | User: Anonymous
[API LOG] GET /api/programmers/ → 200 | 7.32 ms | User: Anonymous
[API LOG] GET /api/programmers/ → 200 | 5.02 ms | User: Anonymous
[API LOG] GET /api/programmers/ → 200 | 5.42 ms | User: Anonymous
[API LOG] GET /api/programmers/ → 200 | 57.32 ms | User: Anonymous
[API LOG] GET /api/programmers/ → 200 | 23.85 ms | User: Anonymous
[API LOG] GET /api/programmers/ → 200 | 3.62 ms | User: Anonymous
[API LOG] GET /api/profile/ → 401 | 44.8 ms | User: Anonymous
[API LOG] GET /api/programmers/ → 200 | 5.02 ms | User: Anonymous
[API LOG] GET /api/programmers/1/ → 200 | 5.47 ms | User: Anonymous
[API LOG] POST /api/programmers/1/view/ → 200 | 8.98 ms | User: Anonymous
[API LOG] GET /api/programmers/1/ → 200 | 6.31 ms | User: Anonymous
[API LOG] POST /api/programmers/1/view/ → 200 | 5.11 ms | User: Anonymous
[API LOG] GET /api/programmers/1/ → 200 | 18.2 ms | User: Anonymous
[API LOG] POST /api/programmers/1/view/ → 200 | 7.83 ms | User: Anonymous
[API LOG] GET /api/programmers/1/ → 200 | 21.39 ms | User: Anonymous
[API LOG] POST /api/programmers/1/view/ → 200 | 8.0 ms | User: Anonymous
[API LOG] GET /api/programmers/1/ → 200 | 6.32 ms | User: Anonymous
[API LOG] POST /api/programmers/1/view/ → 200 | 6.83 ms | User: Anonymous
[API LOG] GET /api/programmers/1/ → 200 | 6.67 ms | User: Anonymous
[API LOG] POST /api/programmers/1/view/ → 200 | 5.67 ms | User: Anonymous
[API LOG] POST /api/auth/login/ → 401 | 388.18 ms | User: Anonymous
[API LOG] POST /api/auth/register/ → 201 | 461.73 ms | User: Anonymous
[API LOG] POST /api/auth/login/ → 200 | 382.89 ms | User: Anonymous
[API LOG] POST /api/auth/login/ → 200 | 375.84 ms | User: Anonymous
[API LOG] POST /api/auth/login/ → 200 | 356.84 ms | User: Anonymous
[API LOG] GET /admin/ → 302 | 39.26 ms | User: Anonymous
[API LOG] GET /admin/login/?next=/admin/ → 200 | 506.81 ms | User: Anonymous
[API LOG] GET /admin/login/?next=/admin/ → 200 | 4.18 ms | User: Anonymous
[API LOG] GET /admin/login/?next=/admin/ → 200 | 2.31 ms | User: Anonymous
[API LOG] GET /admin/login/?next=/admin/ → 200 | 2.83 ms | User: Anonymous
[API LOG] POST /admin/login/?next=/admin/ → 200 | 493.9 ms | User: Anonymous
[API LOG] GET /api/programmers/ → 200 | 27.27 ms | User: Anonymous
[API LOG] GET /api/programmers/2/ → 200 | 5.3 ms | User: Anonymous
[API LOG] POST /api/programmers/2/view/ → 200 | 9.58 ms | User: Anonymous
[API LOG] POST /api/auth/login/ → 200 | 417.42 ms | User: Anonymous
[API LOG] POST /api/auth/login/ → 200 | 362.55 ms | User: Anonymous
[API LOG] POST /api/auth/login/ → 200 | 389.07 ms | User: Anonymous
[API LOG] GET /api/programmers/ → 200 | 11.95 ms | User: Anonymous
[API LOG] GET /api/programmers/5/ → 200 | 4.79 ms | User: Anonymous
[API LOG] POST /api/programmers/5/view/ → 200 | 7.13 ms | User: Anonymous
[API LOG] GET /api/programmers/ → 200 | 10.09 ms | User: Anonymous
[API LOG] GET /api/programmers/ → 200 | 7.7 ms | User: Anonymous
[API LOG] POST /api/auth/login/ → 200 | 473.21 ms | User: Anonymous
[API LOG] GET /api/programmers/ → 200 | 6.6 ms | User: Anonymous
[API LOG] GET /api/programmers/1/ → 200 | 4.66 ms | User: Anonymous
[API LOG] POST /api/programmers/1/view/ → 200 | 3.83 ms | User: Anonymous
[API LOG] GET /api/programmers/ → 200 | 6.0 ms | User: Anonymous
[API LOG] POST /api/auth/login/ → 401 | 402.26 ms | User: Anonymous
[API LOG] POST /api/auth/login/ → 200 | 352.94 ms | User: Anonymous
[API LOG] GET /api/programmers/ → 200 | 15.2 ms | User: Anonymous
[API LOG] POST /api/auth/login/ → 200 | 452.6 ms | User: Anonymous
[API LOG] GET /api/programmers/ → 200 | 28.49 ms | User: Anonymous
[API LOG] POST /api/auth/register/ → 500 | 1601.35 ms | User: Anonymous
[API LOG] POST /api/auth/register/ → 500 | 1155.34 ms | User: Anonymous
[API LOG] POST /api/auth/register/ → 500 | 1214.61 ms | User: Anonymous
[API LOG] POST /api/auth/register/ → 400 | 27.03 ms | User: Anonymous
[API LOG] POST /api/auth/register/ → 400 | 2.95 ms | User: Anonymous
[API LOG] POST /api/auth/register/ → 400 | 4.46 ms | User: Anonymous
[API LOG] POST /api/auth/register/ → 500 | 416.11 ms | User: Anonymous
[API LOG] POST /api/auth/register/ → 500 | 403.41 ms | User: Anonymous
[API LOG] POST /api/auth/login/ → 200 | 352.46 ms | User: Anonymous
[API LOG] GET /api/programmers/ → 200 | 57.85 ms | User: Anonymous
[API LOG] GET /api/programmers/?search=ae → 200 | 8.22 ms | User: Anonymous
[API LOG] GET /api/programmers/?search=mmm → 200 | 5.42 ms | User: Anonymous
[API LOG] GET /api/programmers/ → 200 | 17.34 ms | User: Anonymous
[API LOG] POST /api/auth/register/ → 201 | 364.88 ms | User: Anonymous
[API LOG] POST /api/auth/login/ → 200 | 337.98 ms | User: Anonymous
[API LOG] GET /api/profile/ → 200 | 6.89 ms | User: hhhh
[API LOG] GET /api/projects/my/ → 200 | 7.21 ms | User: hhhh
[API LOG] POST /api/auth/register/ → 201 | 325.2 ms | User: Anonymous
[API LOG] POST /api/auth/login/ → 200 | 338.57 ms | User: Anonymous
[API LOG] GET /api/profile/ → 200 | 4.31 ms | User: mohammed
[API LOG] GET /api/projects/my/ → 200 | 5.37 ms | User: mohammed
[API LOG] GET /api/programmers/ → 200 | 10.89 ms | User: Anonymous
[API LOG] GET /api/programmers/3/ → 200 | 3.67 ms | User: Anonymous
[API LOG] POST /api/programmers/3/view/ → 200 | 5.75 ms | User: Anonymous
[API LOG] GET /api/programmers/ → 200 | 10.85 ms | User: Anonymous
[API LOG] GET /api/programmers/ → 200 | 12.3 ms | User: Anonymous
[API LOG] GET /api/profile/ → 200 | 27.05 ms | User: mohammed
[API LOG] GET /api/projects/my/ → 200 | 5.56 ms | User: mohammed
[API LOG] POST /api/auth/login/ → 200 | 347.22 ms | User: Anonymous
[API LOG] GET /api/profile/ → 200 | 7.17 ms | User: faisal
[API LOG] GET /api/projects/my/ → 200 | 4.06 ms | User: faisal
[API LOG] GET /api/programmers/ → 200 | 6.5 ms | User: Anonymous
[API LOG] GET /api/programmers/ → 200 | 5.91 ms | User: Anonymous
[API LOG] GET /api/profile/ → 200 | 8.9 ms | User: faisal
[API LOG] GET /api/projects/my/ → 200 | 7.19 ms | User: faisal
[API LOG] GET /api/programmers/ → 200 | 6.13 ms | User: Anonymous
[API LOG] GET /api/programmers/1/ → 200 | 5.22 ms | User: Anonymous
[API LOG] POST /api/programmers/1/view/ → 200 | 10.98 ms | User: Anonymous
[API LOG] GET /api/programmers/ → 200 | 10.84 ms | User: Anonymous
[API LOG] POST /api/auth/login/ → 200 | 369.44 ms | User: Anonymous
[API LOG] GET /api/profile/ → 200 | 9.64 ms | User: hhhh
[API LOG] GET /api/projects/my/ → 200 | 5.3 ms | User: hhhh
[API LOG] GET /api/programmers/ → 200 | 8.82 ms | User: Anonymous
[API LOG] GET /api/programmers/1/ → 200 | 5.44 ms | User: Anonymous
[API LOG] POST /api/programmers/1/view/ → 200 | 9.73 ms | User: Anonymous
[API LOG] GET /api/programmers/ → 200 | 8.12 ms | User: Anonymous
[API LOG] GET /api/programmers/7/ → 200 | 5.27 ms | User: Anonymous
[API LOG] POST /api/programmers/7/view/ → 200 | 6.78 ms | User: Anonymous
[API LOG] POST /api/programmers/7/contact/ → 200 | 0.61 ms | User: Anonymous
[API LOG] POST /api/projects/create/7/ → 201 | 24.67 ms | User: hhhh
[API LOG] GET /api/profile/ → 200 | 6.0 ms | User: hhhh
[API LOG] GET /api/projects/my/ → 200 | 10.99 ms | User: hhhh
[API LOG] PATCH /api/projects/1/update/ → 400 | 3.89 ms | User: hhhh
[API LOG] POST /api/auth/login/ → 200 | 335.11 ms | User: Anonymous
[API LOG] GET /api/profile/ → 200 | 7.52 ms | User: mmmm
[API LOG] GET /api/projects/my/ → 200 | 3.77 ms | User: mmmm
[API LOG] GET /api/programmers/ → 200 | 10.83 ms | User: Anonymous
[API LOG] GET /api/programmers/6/ → 200 | 6.4 ms | User: Anonymous
[API LOG] POST /api/programmers/6/view/ → 200 | 6.07 ms | User: Anonymous
[API LOG] POST /api/projects/create/6/ → 201 | 10.88 ms | User: mmmm
[API LOG] GET /api/profile/ → 200 | 11.48 ms | User: mmmm
[API LOG] GET /api/projects/my/ → 200 | 5.0 ms | User: mmmm
[API LOG] POST /api/contact/ → 403 | 110.51 ms | User: Anonymous
[API LOG] GET /api/programmers/ → 200 | 7.88 ms | User: Anonymous
[API LOG] POST /api/auth/register/ → 201 | 418.22 ms | User: Anonymous
[API LOG] GET /api/programmers/ → 200 | 8.26 ms | User: Anonymous
[API LOG] GET /api/programmers/ → 200 | 47.96 ms | User: Anonymous
[API LOG] GET /api/programmers/ → 200 | 157.78 ms | User: Anonymous
[API LOG] GET /api/programmers/ → 200 | 20.87 ms | User: Anonymous
[API LOG] GET /api/programmers/1/ → 200 | 8.67 ms | User: Anonymous
[API LOG] POST /api/programmers/1/view/ → 200 | 16.61 ms | User: Anonymous
[API LOG] GET /api/programmers/ → 200 | 20.96 ms | User: Anonymous
[API LOG] GET /api/programmers/ → 200 | 12.51 ms | User: Anonymous
[API LOG] GET /api/programmers/8/ → 200 | 8.45 ms | User: Anonymous
[API LOG] POST /api/programmers/8/view/ → 200 | 7.78 ms | User: Anonymous
[API LOG] GET /api/programmers/ → 200 | 13.46 ms | User: Anonymous
[API LOG] GET /api/programmers/4/ → 200 | 5.9 ms | User: Anonymous
[API LOG] POST /api/programmers/4/view/ → 200 | 7.92 ms | User: Anonymous
[API LOG] POST /api/programmers/4/rate/ → 401 | 95.66 ms | User: Anonymous
[API LOG] GET /api/programmers/ → 200 | 13.24 ms | User: Anonymous
[API LOG] GET /api/profile/ → 401 | 1.49 ms | User: Anonymous
[API LOG] POST /api/auth/login/ → 200 | 777.76 ms | User: Anonymous
[API LOG] GET /api/profile/ → 200 | 5.47 ms | User: faisal
[API LOG] GET /api/projects/my/ → 200 | 6.8 ms | User: faisal
[API LOG] GET /api/programmers/ → 200 | 16.53 ms | User: Anonymous
[API LOG] GET /api/programmers/ → 200 | 14.06 ms | User: Anonymous
[API LOG] POST /api/auth/login/ → 200 | 794.13 ms | User: Anonymous
[API LOG] GET /api/profile/ → 200 | 5.28 ms | User: mmmm
[API LOG] GET /api/projects/my/ → 200 | 18.39 ms | User: mmmm
[API LOG] POST /api/auth/login/ → 400 | 4.19 ms | User: Anonymous
[API LOG] POST /api/auth/login/ → 401 | 809.58 ms | User: Anonymous
[API LOG] GET /api/profile/ → 401 | 70.01 ms | User: Anonymous
[API LOG] POST /api/auth/login/ → 401 | 1246.0 ms | User: Anonymous
[API LOG] GET /admin → 404 | 302.17 ms | User: Anonymous
[API LOG] GET /admin/ → 302 | 18.96 ms | User: Anonymous
[API LOG] GET /admin/login/?next=/admin/ → 200 | 646.96 ms | User: Anonymous
[API LOG] POST /admin/login/?next=/admin/ → 200 | 1178.22 ms | User: Anonymous
[API LOG] POST /api/auth/login/ → 401 | 1225.09 ms | User: Anonymous
[API LOG] POST /api/auth/login/ → 401 | 1164.75 ms | User: Anonymous
[API LOG] POST /api/auth/login/ → 401 | 1183.07 ms | User: Anonymous
[API LOG] POST /admin/login/?next=/admin/ → 200 | 1333.84 ms | User: Anonymous
[API LOG] POST /api/auth/login/ → 401 | 1193.09 ms | User: Anonymous
[API LOG] GET /api/programmers/?search=mmm → 200 | 42.04 ms | User: Anonymous
[API LOG] POST /api/auth/login/ → 401 | 1267.64 ms | User: Anonymous
[API LOG] POST /api/auth/login/ → 401 | 1176.74 ms | User: Anonymous
[API LOG] POST /api/auth/login/ → 401 | 1281.65 ms | User: Anonymous
[API LOG] POST /api/auth/login/ → 401 | 1191.63 ms | User: Anonymous
[API LOG] POST /api/auth/login/ → 401 | 1303.53 ms | User: Anonymous
[API LOG] POST /api/auth/login/ → 401 | 1218.81 ms | User: Anonymous
[API LOG] GET / → 404 | 132.25 ms | User: Anonymous
[API LOG] GET /api/profile/ → 401 | 45.97 ms | User: Anonymous
[API LOG] GET /api/profile/ → 401 | 1.41 ms | User: Anonymous
[API LOG] GET /api/profile/ → 401 | 38.13 ms | User: Anonymous
[API LOG] GET /api/programmers/ → 200 | 170.6 ms | User: Anonymous
[API LOG] GET /api/programmers/ → 200 | 137.35 ms | User: Anonymous
[API LOG] GET /api/programmers/8/ → 200 | 24.14 ms | User: Anonymous
[API LOG] POST /api/programmers/8/view/ → 200 | 33.86 ms | User: Anonymous
[API LOG] GET /api/programmers/ → 200 | 26.51 ms | User: Anonymous
[API LOG] POST /api/auth/login/ → 200 | 860.42 ms | User: Anonymous
[API LOG] GET /api/profile/ → 200 | 7.72 ms | User: mmmm
[API LOG] GET /api/projects/my/ → 200 | 69.94 ms | User: mmmm
[API LOG] GET /api/programmers/ → 200 | 18.12 ms | User: Anonymous
[API LOG] GET /api/programmers/8/ → 200 | 14.59 ms | User: Anonymous
[API LOG] POST /api/programmers/8/view/ → 200 | 9.53 ms | User: Anonymous
[API LOG] POST /api/projects/create/8/ → 201 | 23.51 ms | User: mmmm
[API LOG] GET /api/profile/ → 200 | 8.34 ms | User: mmmm
[API LOG] GET /api/projects/my/ → 200 | 21.16 ms | User: mmmm
[API LOG] GET /api/programmers/ → 200 | 18.62 ms | User: Anonymous
[API LOG] GET /api/programmers/7/ → 200 | 6.81 ms | User: Anonymous
[API LOG] POST /api/programmers/7/view/ → 200 | 8.37 ms | User: Anonymous
[API LOG] GET /api/programmers/ → 200 | 19.95 ms | User: Anonymous
[API LOG] GET /api/programmers/7/ → 200 | 12.77 ms | User: Anonymous
[API LOG] POST /api/programmers/7/view/ → 200 | 15.0 ms | User: Anonymous
[API LOG] GET /api/programmers/7/ → 200 | 11.51 ms | User: Anonymous
[API LOG] POST /api/programmers/7/view/ → 200 | 14.0 ms | User: Anonymous
[API LOG] GET /api/programmers/ → 200 | 15.4 ms | User: Anonymous
[API LOG] GET /api/programmers/8/ → 200 | 8.39 ms | User: Anonymous
[API LOG] POST /api/programmers/8/view/ → 200 | 11.69 ms | User: Anonymous
[API LOG] GET /api/programmers/ → 200 | 21.13 ms | User: Anonymous
[API LOG] GET /api/programmers/7/ → 200 | 7.45 ms | User: Anonymous
[API LOG] POST /api/programmers/7/view/ → 200 | 10.42 ms | User: Anonymous
[API LOG] POST /api/programmers/7/rate/ → 200 | 15.41 ms | User: mmmm
[API LOG] GET /api/programmers/ → 200 | 22.85 ms | User: Anonymous
[API LOG] GET /api/profile/ → 200 | 8.72 ms | User: mmmm
[API LOG] GET /api/projects/my/ → 200 | 11.97 ms | User: mmmm
[API LOG] POST /api/auth/login/ → 200 | 811.84 ms | User: Anonymous
[API LOG] GET /api/profile/ → 200 | 9.76 ms | User: ssss
[API LOG] GET /api/projects/my/ → 200 | 16.03 ms | User: ssss
[API LOG] GET /api/programmers/ → 200 | 29.48 ms | User: Anonymous
[API LOG] GET /api/programmers/8/ → 200 | 6.93 ms | User: Anonymous
[API LOG] POST /api/programmers/8/view/ → 200 | 21.32 ms | User: Anonymous
[API LOG] GET /api/profile/ → 200 | 20.44 ms | User: ssss
[API LOG] GET /api/projects/my/ → 200 | 13.86 ms | User: ssss
[API LOG] GET /api/profile/ → 200 | 23.19 ms | User: ssss
[API LOG] GET /api/projects/my/ → 200 | 15.78 ms | User: ssss
[API LOG] GET /api/programmers/ → 200 | 14.83 ms | User: Anonymous
[API LOG] GET /api/programmers/8/ → 200 | 20.86 ms | User: Anonymous
[API LOG] POST /api/programmers/8/view/ → 200 | 12.16 ms | User: Anonymous
[API LOG] GET /api/profile/ → 200 | 10.52 ms | User: ssss
[API LOG] GET /api/projects/my/ → 200 | 18.2 ms | User: ssss
[API LOG] POST /api/auth/login/ → 200 | 806.09 ms | User: Anonymous
[API LOG] GET /api/profile/ → 200 | 3.65 ms | User: mmmm
[API LOG] GET /api/projects/my/ → 200 | 21.46 ms | User: mmmm
[API LOG] GET /api/programmers/ → 200 | 14.14 ms | User: Anonymous
[API LOG] GET /api/programmers/8/ → 200 | 14.18 ms | User: Anonymous
[API LOG] POST /api/programmers/8/view/ → 200 | 13.28 ms | User: Anonymous
[API LOG] POST /api/programmers/8/rate/ → 200 | 12.38 ms | User: mmmm
[API LOG] POST /api/auth/login/ → 200 | 806.44 ms | User: Anonymous
[API LOG] GET /api/profile/ → 200 | 5.5 ms | User: ssss
[API LOG] GET /api/projects/my/ → 200 | 9.66 ms | User: ssss
[API LOG] GET /api/programmers/ → 200 | 15.23 ms | User: Anonymous
[API LOG] GET /api/profile/ → 200 | 69.76 ms | User: ssss
[API LOG] GET /api/projects/my/ → 200 | 19.97 ms | User: ssss
[API LOG] POST /api/auth/login/ → 200 | 832.72 ms | User: Anonymous
[API LOG] GET /api/profile/ → 200 | 9.62 ms | User: ssss
[API LOG] GET /api/projects/my/ → 200 | 13.71 ms | User: ssss
[API LOG] POST /api/auth/login/ → 200 | 883.23 ms | User: Anonymous
[API LOG] GET /api/profile/ → 200 | 7.6 ms | User: mmmm
[API LOG] GET /api/projects/my/ → 200 | 18.63 ms | User: mmmm
[API LOG] POST /api/auth/login/ → 200 | 864.98 ms | User: Anonymous
[API LOG] GET /api/profile/ → 200 | 10.15 ms | User: ssss
[API LOG] GET /api/projects/my/ → 200 | 12.46 ms | User: ssss
[API LOG] POST /api/auth/login/ → 200 | 827.75 ms | User: Anonymous
[API LOG] GET /api/profile/ → 200 | 4.04 ms | User: mmmm
[API LOG] GET /api/projects/my/ → 200 | 16.02 ms | User: mmmm
[API LOG] GET /api/profile/ → 200 | 8.14 ms | User: mmmm
[API LOG] GET /api/projects/my/ → 200 | 17.99 ms | User: mmmm
[API LOG] POST /api/projects/payment-intent/2/ → 400 | 1270.2 ms | User: mmmm
[API LOG] GET /api/profile/ → 200 | 26.91 ms | User: mmmm
[API LOG] GET /api/projects/my/ → 200 | 26.87 ms | User: mmmm
[API LOG] POST /api/auth/login/ → 200 | 932.15 ms | User: Anonymous
[API LOG] GET /api/profile/ → 200 | 13.64 ms | User: ssss
[API LOG] GET /api/projects/my/ → 200 | 16.8 ms | User: ssss
[API LOG] PATCH /api/projects/3/update/ → 200 | 110.97 ms | User: ssss
[API LOG] PATCH /api/projects/3/update/ → 200 | 27.69 ms | User: ssss
[API LOG] POST /api/auth/login/ → 200 | 897.91 ms | User: Anonymous
[API LOG] GET /api/profile/ → 200 | 6.37 ms | User: mmmm
[API LOG] GET /api/projects/my/ → 200 | 14.93 ms | User: mmmm
[API LOG] POST /api/auth/login/ → 200 | 938.27 ms | User: Anonymous
[API LOG] GET /api/profile/ → 200 | 13.69 ms | User: ssss
[API LOG] GET /api/projects/my/ → 200 | 12.8 ms | User: ssss
[API LOG] PATCH /api/profile/ → 200 | 28.04 ms | User: ssss
[API LOG] GET /api/programmers/ → 200 | 38.76 ms | User: Anonymous
[API LOG] GET /api/programmers/8/ → 200 | 10.05 ms | User: Anonymous
[API LOG] POST /api/programmers/8/view/ → 200 | 12.99 ms | User: Anonymous
[API LOG] GET /api/profile/ → 200 | 13.29 ms | User: ssss
[API LOG] GET /api/projects/my/ → 200 | 11.78 ms | User: ssss
[API LOG] PATCH /api/profile/ → 500 | 614.96 ms | User: ssss
[API LOG] PATCH /api/profile/ → 200 | 20.3 ms | User: ssss
[API LOG] GET /api/programmers/ → 200 | 19.14 ms | User: Anonymous
[API LOG] GET /api/programmers/8/ → 200 | 10.58 ms | User: Anonymous
[API LOG] POST /api/programmers/8/view/ → 200 | 20.9 ms | User: Anonymous
[API LOG] GET /api/profile/ → 200 | 22.71 ms | User: ssss
[API LOG] GET /api/projects/my/ → 200 | 12.15 ms | User: ssss
[API LOG] PATCH /api/profile/ → 500 | 71.99 ms | User: ssss
[API LOG] PATCH /api/profile/ → 200 | 27.96 ms | User: ssss
[API LOG] GET /api/programmers/ → 200 | 24.91 ms | User: Anonymous
[API LOG] GET /api/programmers/8/ → 200 | 10.18 ms | User: Anonymous
[API LOG] POST /api/programmers/8/view/ → 200 | 10.29 ms | User: Anonymous
[API LOG] GET /api/profile/ → 200 | 12.85 ms | User: ssss
[API LOG] GET /api/projects/my/ → 200 | 12.28 ms | User: ssss
[API LOG] PATCH /api/profile/ → 200 | 22.12 ms | User: ssss
[API LOG] GET /api/programmers/ → 200 | 14.18 ms | User: Anonymous
[API LOG] GET /api/programmers/8/ → 200 | 6.29 ms | User: Anonymous
[API LOG] POST /api/programmers/8/view/ → 200 | 12.79 ms | User: Anonymous
[API LOG] GET /api/profile/ → 200 | 13.71 ms | User: ssss
[API LOG] GET /api/projects/my/ → 200 | 12.1 ms | User: ssss
[API LOG] GET /api/profile/ → 200 | 9.94 ms | User: ssss
[API LOG] GET /api/projects/my/ → 200 | 8.57 ms | User: ssss
[API LOG] PATCH /api/profile/ → 500 | 380.45 ms | User: ssss
[API LOG] GET /api/programmers/ → 200 | 18.43 ms | User: Anonymous
[API LOG] POST /api/contact/ → 403 | 116.35 ms | User: Anonymous
[API LOG] GET /api/programmers/ → 200 | 44.26 ms | User: Anonymous
[API LOG] GET /api/programmers/ → 200 | 67.24 ms | User: Anonymous
[API LOG] GET /api/programmers/ → 500 | 359.94 ms | User: Anonymous
[API LOG] GET /api/programmers/ → 500 | 100.8 ms | User: Anonymous
[API LOG] GET /api/programmers/ → 500 | 77.85 ms | User: Anonymous
[API LOG] GET /api/programmers/ → 500 | 67.85 ms | User: Anonymous
[API LOG] GET /api/programmers/ → 500 | 86.88 ms | User: Anonymous
[API LOG] GET /api/programmers/ → 500 | 74.79 ms | User: Anonymous
[API LOG] GET /api/programmers/ → 500 | 70.08 ms | User: Anonymous
[API LOG] GET /api/programmers/ → 500 | 82.3 ms | User: Anonymous
[API LOG] GET /api/programmers/ → 200 | 19.24 ms | User: Anonymous
[API LOG] GET /api/programmers/ → 200 | 25.49 ms | User: Anonymous
[API LOG] POST /api/auth/login/ → 200 | 857.04 ms | User: Anonymous
[API LOG] GET /api/profile/ → 200 | 3.69 ms | User: mmmm
[API LOG] GET /api/projects/my/ → 200 | 20.53 ms | User: mmmm
[API LOG] GET /api/programmers/ → 200 | 16.55 ms | User: Anonymous
[API LOG] GET /api/programmers/6/ → 200 | 9.11 ms | User: Anonymous
[API LOG] POST /api/programmers/6/view/ → 200 | 15.1 ms | User: Anonymous
[API LOG] GET /api/programmers/6/ → 200 | 20.5 ms | User: Anonymous
[API LOG] POST /api/programmers/6/view/ → 200 | 10.69 ms | User: Anonymous
[API LOG] POST /api/programmers/6/rate/ → 200 | 15.66 ms | User: mmmm
[API LOG] GET /api/programmers/6/ → 200 | 5.58 ms | User: Anonymous
[API LOG] POST /api/programmers/6/view/ → 200 | 9.93 ms | User: Anonymous
[API LOG] GET /api/programmers/6/ → 200 | 8.13 ms | User: Anonymous
[API LOG] POST /api/programmers/6/view/ → 200 | 11.39 ms | User: Anonymous
[API LOG] GET /api/auth/admin/users/ → 403 | 5.8 ms | User: mmmm
[API LOG] GET /api/projects/admin/projects/ → 404 | 106.73 ms | User: Anonymous
[API LOG] GET /api/projects/admin/projects/ → 404 | 5.41 ms | User: Anonymous
[API LOG] GET /api/auth/admin/users/ → 403 | 10.0 ms | User: mmmm
[API LOG] POST /api/contact/ → 403 | 6.54 ms | User: Anonymous
[API LOG] POST /api/contact/ → 403 | 8.8 ms | User: Anonymous
[API LOG] POST /api/contact/ → 403 | 5.76 ms | User: Anonymous
[API LOG] POST /api/contact/ → 200 | 4.46 ms | User: Anonymous
[API LOG] GET /api/auth/admin/users/ → 403 | 67.37 ms | User: mmmm
[API LOG] GET /api/admin/projects/ → 403 | 63.71 ms | User: mmmm
[API LOG] GET /api/programmers/ → 200 | 24.25 ms | User: Anonymous
[API LOG] POST /api/auth/register/ → 400 | 2.3 ms | User: Anonymous
[API LOG] POST /api/auth/register/ → 400 | 2.23 ms | User: Anonymous
[API LOG] POST /api/auth/register/ → 400 | 2.48 ms | User: Anonymous
[API LOG] POST /api/auth/register/ → 201 | 951.81 ms | User: Anonymous
[API LOG] GET /api/auth/admin/users/ → 403 | 8.0 ms | User: mmmm
[API LOG] GET /api/admin/projects/ → 403 | 11.13 ms | User: mmmm
[API LOG] GET /api/auth/admin/users/ → 403 | 3.68 ms | User: mmmm
[API LOG] GET /api/admin/projects/ → 403 | 3.59 ms | User: mmmm
[API LOG] POST /api/auth/login/ → 401 | 820.41 ms | User: Anonymous
[API LOG] POST /api/auth/login/ → 200 | 856.73 ms | User: Anonymous
[API LOG] GET /api/profile/ → 200 | 5.51 ms | User: mmm
[API LOG] GET /api/projects/my/ → 200 | 4.78 ms | User: mmm
[API LOG] GET /api/auth/admin/users/ → 403 | 11.96 ms | User: mmm
[API LOG] GET /api/admin/projects/ → 403 | 9.95 ms | User: mmm
[API LOG] GET /api/auth/admin/users/ → 403 | 7.5 ms | User: mmm
[API LOG] GET /api/admin/projects/ → 403 | 5.94 ms | User: mmm
[API LOG] POST /api/auth/login/ → 401 | 864.3 ms | User: Anonymous
[API LOG] POST /api/auth/login/ → 401 | 847.56 ms | User: Anonymous
[API LOG] POST /api/auth/login/ → 401 | 827.06 ms | User: Anonymous
[API LOG] POST /api/auth/login/ → 401 | 756.13 ms | User: Anonymous
[API LOG] POST /api/auth/login/ → 200 | 860.43 ms | User: Anonymous
[API LOG] GET /api/profile/ → 200 | 4.37 ms | User: mmm
[API LOG] GET /api/projects/my/ → 200 | 6.99 ms | User: mmm
[API LOG] POST /api/auth/login/ → 200 | 848.94 ms | User: Anonymous
[API LOG] GET /api/admin/projects/ → 200 | 31.3 ms | User: admin
[API LOG] GET /api/auth/admin/users/ → 200 | 47.47 ms | User: admin
[API LOG] POST /api/auth/register/ → 201 | 890.7 ms | User: Anonymous
[API LOG] GET /api/admin/projects/ → 200 | 32.71 ms | User: admin
[API LOG] GET /api/auth/admin/users/ → 200 | 53.13 ms | User: admin
[API LOG] GET /api/admin/projects/ → 200 | 25.37 ms | User: admin
[API LOG] GET /api/auth/admin/users/ → 200 | 43.24 ms | User: admin
[API LOG] GET /api/profile/ → 200 | 5.58 ms | User: admin
[API LOG] GET /api/projects/my/ → 200 | 5.23 ms | User: admin
[API LOG] POST /api/auth/login/ → 200 | 854.97 ms | User: Anonymous
[API LOG] GET /api/profile/ → 200 | 6.99 ms | User: nnnn
[API LOG] GET /api/projects/my/ → 200 | 4.54 ms | User: nnnn
[API LOG] GET /api/auth/admin/users/ → 403 | 8.16 ms | User: nnnn
[API LOG] GET /api/admin/projects/ → 403 | 8.44 ms | User: nnnn
[API LOG] GET /api/programmers/ → 200 | 12.33 ms | User: Anonymous
[API LOG] GET /api/programmers/6/ → 200 | 6.18 ms | User: Anonymous
[API LOG] POST /api/programmers/6/view/ → 200 | 11.01 ms | User: Anonymous
[API LOG] GET /api/programmers/ → 200 | 25.53 ms | User: Anonymous
[API LOG] GET /api/auth/admin/users/ → 403 | 45.25 ms | User: nnnn
[API LOG] GET /api/admin/projects/ → 403 | 40.67 ms | User: nnnn
[API LOG] GET /api/auth/admin/users/ → 403 | 16.92 ms | User: nnnn
[API LOG] GET /api/admin/projects/ → 403 | 9.82 ms | User: nnnn
[API LOG] POST /api/auth/login/ → 401 | 715.25 ms | User: Anonymous
[API LOG] POST /api/auth/login/ → 200 | 803.22 ms | User: Anonymous
[API LOG] GET /api/admin/projects/ → 200 | 63.36 ms | User: admin
[API LOG] GET /api/auth/admin/users/ → 200 | 80.27 ms | User: admin
[API LOG] GET /api/programmers/ → 200 | 13.41 ms | User: Anonymous
[API LOG] POST /api/auth/register/ → 400 | 75.37 ms | User: Anonymous
[API LOG] POST /api/auth/register/ → 201 | 801.91 ms | User: Anonymous
[API LOG] POST /api/auth/login/ → 200 | 802.87 ms | User: Anonymous
[API LOG] GET /api/profile/ → 200 | 5.37 ms | User: mom
[API LOG] GET /api/projects/my/ → 200 | 7.12 ms | User: mom
[API LOG] GET /api/auth/admin/users/ → 403 | 6.04 ms | User: mom
[API LOG] GET /api/admin/projects/ → 403 | 7.84 ms | User: mom
[API LOG] GET /api/admin/projects/ → 403 | 19.85 ms | User: mom
[API LOG] GET /api/auth/admin/users/ → 403 | 21.74 ms | User: mom
[API LOG] GET /api/auth/admin/users/ → 403 | 7.21 ms | User: mom
[API LOG] GET /api/admin/projects/ → 403 | 6.22 ms | User: mom
[API LOG] GET /api/admin/projects/ → 403 | 2.55 ms | User: mom
[API LOG] GET /api/auth/admin/users/ → 403 | 20.39 ms | User: mom
[API LOG] GET /api/programmers/ → 200 | 14.17 ms | User: Anonymous
[API LOG] GET /api/programmers/6/ → 200 | 6.87 ms | User: Anonymous
[API LOG] POST /api/programmers/6/view/ → 200 | 12.19 ms | User: Anonymous
[API LOG] GET /api/programmers/6/ → 200 | 7.55 ms | User: Anonymous
[API LOG] POST /api/programmers/6/view/ → 200 | 10.09 ms | User: Anonymous
[API LOG] GET /api/programmers/ → 200 | 13.02 ms | User: Anonymous
[API LOG] GET /api/profile/ → 200 | 6.67 ms | User: mom
[API LOG] GET /api/projects/my/ → 200 | 6.34 ms | User: mom
[API LOG] GET /api/auth/admin/users/ → 403 | 6.08 ms | User: mom
[API LOG] GET /api/admin/projects/ → 403 | 5.34 ms | User: mom
[API LOG] GET /api/auth/admin/users/ → 403 | 35.71 ms | User: mom
[API LOG] GET /api/admin/projects/ → 403 | 34.08 ms | User: mom
[API LOG] POST /api/contact/ → 200 | 3.55 ms | User: Anonymous
[API LOG] GET /api/programmers/ → 200 | 15.96 ms | User: Anonymous
[API LOG] GET /api/auth/admin/users/ → 403 | 45.31 ms | User: mom
[API LOG] GET /api/admin/projects/ → 403 | 42.62 ms | User: mom
[API LOG] GET /api/auth/admin/users/ → 403 | 4.29 ms | User: mom
[API LOG] GET /api/admin/projects/ → 403 | 3.81 ms | User: mom
[API LOG] GET /api/programmers/ → 200 | 142.97 ms | User: Anonymous
[API LOG] GET /api/auth/admin/users/ → 403 | 33.56 ms | User: mom
[API LOG] GET /api/admin/projects/ → 403 | 18.38 ms | User: mom
[API LOG] GET /api/profile/ → 200 | 10.52 ms | User: mom
[API LOG] GET /api/projects/my/ → 200 | 9.42 ms | User: mom
[API LOG] GET /api/auth/admin/users/ → 403 | 5.85 ms | User: mom
[API LOG] GET /api/admin/projects/ → 403 | 3.87 ms | User: mom
[API LOG] GET /api/profile/ → 200 | 6.3 ms | User: mom
[API LOG] GET /api/projects/my/ → 200 | 7.7 ms | User: mom
[API LOG] GET /api/admin/projects/ → 403 | 4.01 ms | User: mom
[API LOG] GET /api/auth/admin/users/ → 403 | 6.34 ms | User: mom
[API LOG] GET /api/admin/projects/ → 403 | 2.99 ms | User: mom
[API LOG] GET /api/auth/admin/users/ → 403 | 9.86 ms | User: mom
[API LOG] GET /api/auth/admin/users/ → 403 | 4.71 ms | User: mom
[API LOG] GET /api/admin/projects/ → 403 | 8.24 ms | User: mom
[API LOG] GET /api/admin/projects/ → 403 | 30.52 ms | User: mom
[API LOG] GET /api/auth/admin/users/ → 403 | 33.83 ms | User: mom
[API LOG] GET /api/auth/admin/users/ → 403 | 4.31 ms | User: mom
[API LOG] GET /api/admin/projects/ → 403 | 3.93 ms | User: mom
[API LOG] GET /api/auth/admin/users/ → 403 | 3.43 ms | User: mom
[API LOG] GET /api/admin/projects/ → 403 | 2.64 ms | User: mom
[API LOG] GET /api/profile/ → 200 | 12.7 ms | User: mom
[API LOG] GET /api/projects/my/ → 200 | 8.29 ms | User: mom
[API LOG] GET /api/programmers/ → 200 | 20.86 ms | User: Anonymous
[API LOG] GET /api/programmers/8/ → 200 | 6.86 ms | User: Anonymous
[API LOG] POST /api/programmers/8/view/ → 200 | 11.18 ms | User: Anonymous
[API LOG] POST /api/projects/create/8/ → 201 | 41.47 ms | User: mom
[API LOG] GET /api/profile/ → 200 | 6.19 ms | User: mom
[API LOG] GET /api/projects/my/ → 200 | 12.4 ms | User: mom
[API LOG] POST /api/auth/login/ → 200 | 810.41 ms | User: Anonymous
[API LOG] GET /api/profile/ → 200 | 12.07 ms | User: ssss
[API LOG] GET /api/projects/my/ → 200 | 12.29 ms | User: ssss
[API LOG] POST /api/projects/4/accept/ → 200 | 11.95 ms | User: ssss
[API LOG] GET /api/projects/my/ → 200 | 17.07 ms | User: ssss
[API LOG] GET /api/programmers/ → 200 | 13.65 ms | User: Anonymous
[API LOG] GET /api/programmers/6/ → 200 | 7.91 ms | User: Anonymous
[API LOG] POST /api/programmers/6/view/ → 200 | 12.72 ms | User: Anonymous
[API LOG] POST /api/programmers/6/rate/ → 200 | 9.31 ms | User: ssss
[API LOG] GET /api/programmers/6/ → 200 | 12.72 ms | User: Anonymous
[API LOG] POST /api/programmers/6/view/ → 200 | 15.91 ms | User: Anonymous
[API LOG] GET /api/programmers/ → 200 | 21.42 ms | User: Anonymous
[API LOG] GET /api/profile/ → 200 | 8.98 ms | User: ssss
[API LOG] GET /api/projects/my/ → 200 | 14.26 ms | User: ssss
[API LOG] GET /api/auth/admin/users/ → 403 | 13.33 ms | User: ssss
[API LOG] GET /api/admin/projects/ → 403 | 14.4 ms | User: ssss
[API LOG] GET /api/auth/admin/users/ → 403 | 5.06 ms | User: ssss
[API LOG] GET /api/admin/projects/ → 403 | 5.76 ms | User: ssss
[API LOG] GET /api/admin/projects/ → 403 | 19.07 ms | User: ssss
[API LOG] GET /api/auth/admin/users/ → 403 | 20.58 ms | User: ssss
[API LOG] GET /api/auth/admin/users/ → 403 | 6.77 ms | User: ssss
[API LOG] GET /api/admin/projects/ → 403 | 5.49 ms | User: ssss
[API LOG] GET /api/admin/projects/ → 403 | 4.75 ms | User: ssss
[API LOG] GET /api/auth/admin/users/ → 403 | 8.98 ms | User: ssss
[API LOG] GET /api/auth/admin/users/ → 401 | 162.67 ms | User: Anonymous
[API LOG] GET /api/admin/projects/ → 401 | 180.93 ms | User: Anonymous
[API LOG] GET /api/auth/admin/users/ → 401 | 0.67 ms | User: Anonymous
[API LOG] GET /api/admin/projects/ → 401 | 0.59 ms | User: Anonymous
[API LOG] POST /api/auth/register/ → 201 | 958.05 ms | User: Anonymous
[API LOG] POST /api/auth/register/ → 201 | 798.0 ms | User: Anonymous
[API LOG] GET /api/programmers/ → 200 | 39.43 ms | User: Anonymous
[API LOG] POST /api/auth/register/ → 201 | 745.67 ms | User: Anonymous
[API LOG] POST /api/auth/login/ → 200 | 788.3 ms | User: Anonymous
[API LOG] GET /api/profile/ → 200 | 11.83 ms | User: ssss
[API LOG] GET /api/projects/my/ → 200 | 41.58 ms | User: ssss
[API LOG] PATCH /api/profile/ → 200 | 32.11 ms | User: Youssef Ibrahim
[API LOG] PUT /api/auth/change-password/ → 400 | 788.11 ms | User: Youssef Ibrahim
[API LOG] PUT /api/auth/change-password/ → 400 | 730.0 ms | User: Youssef Ibrahim
[API LOG] PUT /api/auth/change-password/ → 400 | 820.9 ms | User: Youssef Ibrahim
[API LOG] PUT /api/auth/change-password/ → 400 | 808.07 ms | User: Youssef Ibrahim
[API LOG] PUT /api/auth/change-password/ → 400 | 732.09 ms | User: Youssef Ibrahim
[API LOG] PUT /api/auth/change-password/ → 400 | 763.24 ms | User: Youssef Ibrahim
[API LOG] PUT /api/auth/change-password/ → 400 | 762.17 ms | User: Youssef Ibrahim
[API LOG] POST /api/auth/login/ → 401 | 752.81 ms | User: Anonymous
[API LOG] POST /api/auth/login/ → 401 | 753.81 ms | User: Anonymous
[API LOG] POST /api/auth/register/ → 201 | 886.83 ms | User: Anonymous
[API LOG] GET /api/programmers/ → 200 | 25.79 ms | User: Anonymous
[API LOG] POST /api/auth/register/ → 201 | 815.0 ms | User: Anonymous
[API LOG] POST /api/auth/register/ → 201 | 761.8 ms | User: Anonymous
[API LOG] GET /api/programmers/ → 200 | 20.87 ms | User: Anonymous
[API LOG] GET /api/programmers/ → 200 | 21.71 ms | User: Anonymous
[API LOG] GET /api/programmers/ → 200 | 22.95 ms | User: Anonymous
[API LOG] POST /api/auth/register/ → 201 | 815.3 ms | User: Anonymous
[API LOG] GET /api/programmers/ → 200 | 27.77 ms | User: Anonymous
[API LOG] POST /api/auth/register/ → 201 | 800.56 ms | User: Anonymous
[API LOG] POST /api/auth/register/ → 201 | 804.39 ms | User: Anonymous
[API LOG] GET /api/programmers/ → 200 | 32.18 ms | User: Anonymous
[API LOG] POST /api/auth/register/ → 201 | 823.45 ms | User: Anonymous
[API LOG] GET /api/programmers/ → 200 | 30.72 ms | User: Anonymous
[API LOG] POST /api/auth/register/ → 201 | 837.06 ms | User: Anonymous
[API LOG] GET /api/programmers/ → 200 | 14.14 ms | User: Anonymous
[API LOG] GET /api/programmers/ → 200 | 10.82 ms | User: Anonymous
[API LOG] POST /api/auth/login/ → 401 | 338.46 ms | User: Anonymous
[API LOG] GET /api/programmers/ → 200 | 13.07 ms | User: Anonymous
[API LOG] GET /api/programmers/12/ → 200 | 5.07 ms | User: Anonymous
[API LOG] POST /api/programmers/12/view/ → 200 | 6.68 ms | User: Anonymous
[API LOG] POST /api/auth/login/ → 200 | 393.14 ms | User: Anonymous
[API LOG] GET /api/profile/ → 200 | 6.35 ms | User: MahmoudSaeed
[API LOG] GET /api/projects/my/ → 200 | 6.81 ms | User: MahmoudSaeed
[API LOG] POST /api/auth/login/ → 200 | 779.61 ms | User: Anonymous
[API LOG] GET /api/auth/admin/users/ → 200 | 23.42 ms | User: admin
[API LOG] GET /api/admin/projects/ → 200 | 29.03 ms | User: admin
[API LOG] GET /api/auth/admin/users/ → 200 | 13.14 ms | User: admin
[API LOG] GET /api/admin/projects/ → 200 | 24.03 ms | User: admin
[API LOG] GET /api/profile/ → 200 | 6.14 ms | User: admin
[API LOG] GET /api/projects/my/ → 200 | 13.12 ms | User: admin
[API LOG] GET /api/auth/admin/users/ → 200 | 13.32 ms | User: admin
[API LOG] GET /api/admin/projects/ → 200 | 22.48 ms | User: admin
[API LOG] GET /api/auth/admin/users/ → 200 | 6.89 ms | User: admin
[API LOG] GET /api/admin/projects/ → 200 | 11.06 ms | User: admin
[API LOG] GET /api/auth/admin/users/ → 200 | 115.27 ms | User: admin
[API LOG] GET /api/admin/projects/ → 200 | 132.05 ms | User: admin
[API LOG] GET /api/auth/admin/users/ → 200 | 33.78 ms | User: admin
[API LOG] GET /api/admin/projects/ → 200 | 36.26 ms | User: admin
[API LOG] GET /api/auth/admin/users/ → 401 | 21.16 ms | User: Anonymous
[API LOG] GET /api/admin/projects/ → 401 | 45.07 ms | User: Anonymous
[API LOG] GET /api/auth/admin/users/ → 401 | 0.76 ms | User: Anonymous
[API LOG] GET /api/admin/projects/ → 401 | 0.89 ms | User: Anonymous
[API LOG] POST /api/auth/login/ → 200 | 895.64 ms | User: Anonymous
[API LOG] GET /api/auth/admin/users/ → 200 | 25.71 ms | User: admin
[API LOG] GET /api/admin/projects/ → 200 | 40.73 ms | User: admin
[API LOG] POST /api/contact/ → 200 | 1.86 ms | User: Anonymous
[API LOG] POST /api/contact/ → 500 | 1386.31 ms | User: Anonymous
[API LOG] POST /api/contact/ → 500 | 1233.61 ms | User: Anonymous
[API LOG] GET /api/auth/admin/users/ → 401 | 226.11 ms | User: Anonymous
[API LOG] GET /api/admin/projects/ → 401 | 236.95 ms | User: Anonymous
[API LOG] POST /api/auth/login/ → 200 | 981.06 ms | User: Anonymous
[API LOG] POST /api/auth/login/ → 200 | 913.62 ms | User: Anonymous
[API LOG] POST /api/auth/login/ → 200 | 815.62 ms | User: Anonymous
[API LOG] GET /api/profile/ → 200 | 48.81 ms | User: admin
[API LOG] GET /api/projects/my/ → 200 | 17.06 ms | User: admin
[API LOG] POST /api/auth/login/ → 200 | 807.16 ms | User: Anonymous
[API LOG] GET /api/profile/ → 200 | 4.78 ms | User: admin
[API LOG] GET /api/projects/my/ → 200 | 10.3 ms | User: admin
[API LOG] POST /api/auth/login/ → 200 | 802.08 ms | User: Anonymous
[API LOG] GET /api/profile/ → 200 | 11.78 ms | User: admin
[API LOG] GET /api/projects/my/ → 200 | 11.28 ms | User: admin
[API LOG] POST /api/auth/login/ → 200 | 785.27 ms | User: Anonymous
[API LOG] GET /api/profile/ → 200 | 52.41 ms | User: admin
[API LOG] GET /api/projects/my/ → 200 | 13.08 ms | User: admin
[API LOG] POST /api/auth/login/ → 200 | 767.5 ms | User: Anonymous
[API LOG] GET /api/profile/ → 200 | 8.94 ms | User: admin
[API LOG] GET /api/projects/my/ → 200 | 7.22 ms | User: admin
[API LOG] POST /api/auth/login/ → 200 | 802.53 ms | User: Anonymous
[API LOG] POST /api/auth/login/ → 200 | 852.69 ms | User: Anonymous
[API LOG] POST /api/auth/login/ → 200 | 760.53 ms | User: Anonymous
[API LOG] POST /api/auth/login/ → 200 | 823.95 ms | User: Anonymous
[API LOG] GET /api/profile/ → 200 | 52.44 ms | User: admin
[API LOG] GET /api/projects/my/ → 200 | 9.54 ms | User: admin
[API LOG] POST /api/auth/login/ → 200 | 822.34 ms | User: Anonymous
[API LOG] GET /api/profile/ → 200 | 6.66 ms | User: admin
[API LOG] GET /api/projects/my/ → 500 | 644.88 ms | User: admin
[API LOG] GET /api/programmers/ → 200 | 24.82 ms | User: Anonymous
[API LOG] GET /api/programmers/ → 200 | 30.45 ms | User: Anonymous
[API LOG] GET /api/programmers/ → 200 | 56.72 ms | User: Anonymous
[API LOG] GET /api/programmers/12/ → 200 | 7.97 ms | User: Anonymous
[API LOG] POST /api/programmers/12/view/ → 200 | 31.94 ms | User: Anonymous
[API LOG] GET /api/programmers/ → 200 | 26.59 ms | User: Anonymous
[API LOG] GET /api/programmers/ → 200 | 12.48 ms | User: Anonymous
[API LOG] GET /api/programmers/ → 200 | 19.45 ms | User: Anonymous
[API LOG] GET /api/programmers/ → 200 | 10.36 ms | User: Anonymous
[API LOG] GET /api/programmers/ → 200 | 10.19 ms | User: Anonymous
[API LOG] GET /api/programmers/12/ → 200 | 24.79 ms | User: Anonymous
[API LOG] POST /api/programmers/12/view/ → 200 | 24.12 ms | User: Anonymous
[API LOG] POST /api/projects/create/12/ → 500 | 292.5 ms | User: admin
[API LOG] POST /api/projects/create/12/ → 500 | 85.49 ms | User: admin
[API LOG] GET /api/programmers/ → 200 | 35.04 ms | User: Anonymous
[API LOG] POST /api/auth/login/ → 200 | 703.44 ms | User: Anonymous
[API LOG] GET /api/profile/ → 200 | 9.04 ms | User: hhhh
[API LOG] GET /api/projects/my/ → 500 | 97.84 ms | User: hhhh
[API LOG] POST /api/auth/register/ → 201 | 863.37 ms | User: Anonymous
[API LOG] POST /api/auth/login/ → 200 | 757.83 ms | User: Anonymous
[API LOG] GET /api/profile/ → 200 | 5.94 ms | User: qqqq
[API LOG] GET /api/projects/my/ → 500 | 105.25 ms | User: qqqq
[API LOG] GET /api/programmers/ → 200 | 23.78 ms | User: Anonymous
[API LOG] GET /api/programmers/3/ → 200 | 4.5 ms | User: Anonymous
[API LOG] POST /api/programmers/3/view/ → 200 | 13.03 ms | User: Anonymous
[API LOG] POST /api/projects/create/3/ → 500 | 108.65 ms | User: qqqq
[API LOG] POST /api/projects/create/3/ → 500 | 127.22 ms | User: qqqq
[API LOG] POST /api/projects/create/3/ → 500 | 158.72 ms | User: qqqq
[API LOG] POST /api/projects/create/3/ → 500 | 1664.18 ms | User: qqqq
[API LOG] GET /api/programmers/ → 200 | 25.84 ms | User: Anonymous
[API LOG] GET /api/programmers/ → 200 | 171.4 ms | User: Anonymous
[API LOG] GET /api/programmers/ → 200 | 51.69 ms | User: Anonymous
[API LOG] GET /api/programmers/1/ → 200 | 26.02 ms | User: Anonymous
[API LOG] POST /api/programmers/1/view/ → 200 | 33.04 ms | User: Anonymous
[API LOG] POST /api/projects/create/1/ → 401 | 46.08 ms | User: Anonymous
[API LOG] GET /api/programmers/1/ → 200 | 115.33 ms | User: Anonymous
[API LOG] POST /api/programmers/1/view/ → 200 | 13.57 ms | User: Anonymous
[API LOG] POST /api/projects/create/1/ → 401 | 17.27 ms | User: Anonymous
[API LOG] POST /api/projects/create/1/ → 401 | 1.6 ms | User: Anonymous
[API LOG] GET /api/profile/ → 401 | 2.59 ms | User: Anonymous
[API LOG] POST /api/auth/login/ → 200 | 997.82 ms | User: Anonymous
[API LOG] GET /api/profile/ → 200 | 8.3 ms | User: qqqq
[API LOG] GET /api/projects/my/ → 500 | 280.93 ms | User: qqqq
[API LOG] GET /api/programmers/ → 200 | 32.69 ms | User: Anonymous
[API LOG] GET /api/programmers/6/ → 200 | 7.82 ms | User: Anonymous
[API LOG] POST /api/programmers/6/view/ → 200 | 11.82 ms | User: Anonymous
[API LOG] POST /api/projects/create/6/ → 500 | 162.13 ms | User: qqqq
[API LOG] POST /api/projects/create/6/ → 201 | 60.47 ms | User: qqqq
[API LOG] GET /api/profile/ → 200 | 6.37 ms | User: qqqq
[API LOG] GET /api/projects/my/ → 200 | 12.39 ms | User: qqqq
[API LOG] POST /api/auth/login/ → 401 | 718.61 ms | User: Anonymous
[API LOG] POST /api/auth/login/ → 200 | 769.52 ms | User: Anonymous
[API LOG] GET /api/profile/ → 200 | 7.5 ms | User: London
[API LOG] GET /api/projects/my/ → 200 | 13.56 ms | User: London
[API LOG] POST /api/projects/5/accept/ → 200 | 19.82 ms | User: London
[API LOG] GET /api/projects/my/ → 200 | 23.49 ms | User: London
[API LOG] POST /api/auth/login/ → 200 | 739.4 ms | User: Anonymous
[API LOG] GET /api/profile/ → 200 | 7.12 ms | User: qqqq
[API LOG] GET /api/projects/my/ → 200 | 9.81 ms | User: qqqq
[API LOG] GET /api/programmers/ → 200 | 28.24 ms | User: Anonymous
[API LOG] GET /api/profile/ → 200 | 95.38 ms | User: qqqq
[API LOG] GET /api/projects/my/ → 200 | 32.69 ms | User: qqqq
[API LOG] GET /api/programmers/ → 200 | 20.67 ms | User: Anonymous
[API LOG] GET /api/programmers/7/ → 200 | 8.71 ms | User: Anonymous
[API LOG] POST /api/programmers/7/view/ → 200 | 18.11 ms | User: Anonymous
[API LOG] POST /api/projects/create/7/ → 201 | 327.49 ms | User: qqqq
[API LOG] GET /api/profile/ → 200 | 4.76 ms | User: qqqq
[API LOG] GET /api/projects/my/ → 200 | 13.24 ms | User: qqqq
[API LOG] POST /api/auth/login/ → 200 | 760.96 ms | User: Anonymous
[API LOG] GET /api/profile/ → 200 | 13.54 ms | User: hhhh
[API LOG] GET /api/projects/my/ → 200 | 20.23 ms | User: hhhh
[API LOG] POST /api/projects/6/accept/ → 200 | 20.6 ms | User: hhhh
[API LOG] GET /api/projects/my/ → 200 | 22.29 ms | User: hhhh
[API LOG] GET /api/profile/ → 200 | 42.83 ms | User: hhhh
[API LOG] GET /api/projects/my/ → 200 | 38.34 ms | User: hhhh
[API LOG] GET /api/profile/ → 200 | 38.92 ms | User: hhhh
[API LOG] GET /api/projects/my/ → 200 | 35.98 ms | User: hhhh
[API LOG] GET /api/profile/ → 200 | 229.33 ms | User: hhhh
[API LOG] GET /api/projects/my/ → 200 | 44.13 ms | User: hhhh
[API LOG] POST /api/auth/login/ → 200 | 758.69 ms | User: Anonymous
[API LOG] GET /api/profile/ → 200 | 5.81 ms | User: qqqq
[API LOG] GET /api/projects/my/ → 200 | 14.53 ms | User: qqqq
[API LOG] GET /api/programmers/ → 200 | 30.66 ms | User: Anonymous
[API LOG] GET /api/programmers/7/ → 200 | 13.78 ms | User: Anonymous
[API LOG] POST /api/programmers/7/view/ → 200 | 14.05 ms | User: Anonymous
[API LOG] POST /api/projects/create/7/ → 201 | 1216.98 ms | User: qqqq
[API LOG] GET /api/profile/ → 200 | 11.76 ms | User: qqqq
[API LOG] GET /api/projects/my/ → 200 | 16.56 ms | User: qqqq
[API LOG] POST /api/auth/login/ → 200 | 786.81 ms | User: Anonymous
[API LOG] GET /api/profile/ → 200 | 9.09 ms | User: hhhh
[API LOG] GET /api/projects/my/ → 200 | 28.76 ms | User: hhhh
[API LOG] POST /api/projects/7/accept/ → 200 | 20.15 ms | User: hhhh
[API LOG] GET /api/projects/my/ → 200 | 28.82 ms | User: hhhh
[API LOG] GET /api/profile/ → 200 | 19.44 ms | User: hhhh
[API LOG] GET /api/projects/my/ → 200 | 11.01 ms | User: hhhh
[API LOG] GET /api/profile/ → 200 | 9.52 ms | User: hhhh
[API LOG] GET /api/projects/my/ → 200 | 22.01 ms | User: hhhh
[API LOG] GET /media/project_docs/health_fitness_dataset_1.zip → 200 | 129.12 ms | User: Anonymous
[API LOG] GET /media/project_docs/AL.zip → 200 | 1.68 ms | User: Anonymous
[API LOG] GET /api/profile/ → 200 | 207.62 ms | User: hhhh
[API LOG] GET /api/projects/my/ → 200 | 58.88 ms | User: hhhh
[API LOG] GET /api/profile/ → 200 | 64.63 ms | User: hhhh
[API LOG] GET /api/projects/my/ → 200 | 28.45 ms | User: hhhh
[API LOG] GET /api/profile/ → 200 | 8.74 ms | User: hhhh
[API LOG] GET /api/projects/my/ → 200 | 27.12 ms | User: hhhh
[API LOG] PATCH /api/projects/7/update/ → 200 | 152.25 ms | User: hhhh
[API LOG] POST /api/auth/login/ → 200 | 881.39 ms | User: Anonymous
[API LOG] GET /api/profile/ → 200 | 9.7 ms | User: qqqq
[API LOG] GET /api/projects/my/ → 200 | 19.61 ms | User: qqqq
[API LOG] GET /api/profile/ → 200 | 81.49 ms | User: qqqq
[API LOG] GET /api/projects/my/ → 200 | 24.88 ms | User: qqqq
[API LOG] GET /api/profile/ → 200 | 42.07 ms | User: qqqq
[API LOG] GET /api/projects/my/ → 200 | 68.63 ms | User: qqqq
[API LOG] GET /api/programmers/ → 200 | 23.1 ms | User: Anonymous
[API LOG] GET /api/programmers/1/ → 200 | 7.09 ms | User: Anonymous
[API LOG] POST /api/programmers/1/view/ → 200 | 15.21 ms | User: Anonymous
[API LOG] POST /api/projects/create/1/ → 201 | 1584.99 ms | User: qqqq
[API LOG] GET /api/profile/ → 200 | 6.21 ms | User: qqqq
[API LOG] GET /api/projects/my/ → 200 | 21.4 ms | User: qqqq
[API LOG] POST /api/auth/login/ → 200 | 772.67 ms | User: Anonymous
[API LOG] GET /api/profile/ → 200 | 5.68 ms | User: Amer
[API LOG] GET /api/projects/my/ → 200 | 12.22 ms | User: Amer
[API LOG] POST /api/projects/8/accept/ → 200 | 10.23 ms | User: Amer
[API LOG] GET /api/projects/my/ → 200 | 14.08 ms | User: Amer
[API LOG] PATCH /api/projects/8/update/ → 200 | 90.65 ms | User: Amer
[API LOG] POST /api/auth/login/ → 200 | 840.58 ms | User: Anonymous
[API LOG] GET /api/profile/ → 200 | 5.22 ms | User: qqqq
[API LOG] GET /api/projects/my/ → 200 | 16.2 ms | User: qqqq
[API LOG] GET /api/profile/ → 200 | 57.85 ms | User: qqqq
[API LOG] GET /api/projects/my/ → 200 | 43.26 ms | User: qqqq
[API LOG] GET /api/programmers/ → 200 | 76.43 ms | User: Anonymous
[API LOG] GET /api/profile/ → 200 | 20.44 ms | User: qqqq
[API LOG] GET /api/projects/my/ → 200 | 24.78 ms | User: qqqq
[API LOG] POST /api/auth/login/ → 200 | 874.53 ms | User: Anonymous
[API LOG] GET /api/profile/ → 200 | 3.81 ms | User: qqqq
[API LOG] GET /api/projects/my/ → 200 | 31.45 ms | User: qqqq
[API LOG] POST /api/projects/payment-intent/8/ → 400 | 1220.86 ms | User: qqqq
[API LOG] GET /api/profile/ → 200 | 67.9 ms | User: qqqq
[API LOG] GET /api/projects/my/ → 200 | 45.29 ms | User: qqqq
[API LOG] GET /api/programmers/?search=a → 200 | 37.16 ms | User: Anonymous
[API LOG] GET /api/programmers/?search=hhhh → 200 | 7.25 ms | User: Anonymous
[API LOG] GET /api/programmers/?search=fron%2C → 200 | 3.42 ms | User: Anonymous
[API LOG] GET /api/programmers/?search=fron → 200 | 2.85 ms | User: Anonymous
[API LOG] GET /api/programmers/?search=front → 200 | 3.21 ms | User: Anonymous
[API LOG] GET /api/programmers/ → 200 | 23.47 ms | User: Anonymous
[API LOG] GET /api/programmers/?search=Frontend → 200 | 2.66 ms | User: Anonymous
[API LOG] GET /api/programmers/?search=Frontend → 200 | 10.43 ms | User: Anonymous
[API LOG] GET /api/programmers/?search=fr → 200 | 8.77 ms | User: Anonymous
[API LOG] GET /api/programmers/?search=frnt → 200 | 4.15 ms | User: Anonymous
[API LOG] GET /api/programmers/?search=fron → 200 | 7.96 ms | User: Anonymous
[API LOG] GET /api/profile/ → 200 | 79.08 ms | User: qqqq
[API LOG] GET /api/projects/my/ → 200 | 56.93 ms | User: qqqq
[API LOG] POST /api/auth/login/ → 200 | 861.05 ms | User: Anonymous
[API LOG] GET /api/profile/ → 200 | 8.85 ms | User: admin
[API LOG] GET /api/projects/my/ → 200 | 10.32 ms | User: admin
[API LOG] POST /api/auth/login/ → 401 | 876.43 ms | User: Anonymous
[API LOG] POST /api/auth/login/ → 401 | 736.09 ms | User: Anonymous
[API LOG] POST /api/auth/login/ → 401 | 731.55 ms | User: Anonymous
[API LOG] POST /api/auth/login/ → 401 | 778.1 ms | User: Anonymous
[API LOG] POST /api/auth/login/ → 200 | 831.66 ms | User: Anonymous
[API LOG] GET /api/profile/ → 200 | 6.55 ms | User: new_admin_final
[API LOG] GET /api/projects/my/ → 200 | 6.4 ms | User: new_admin_final
[API LOG] GET /api/programmers/ → 200 | 26.39 ms | User: Anonymous
[API LOG] GET /api/auth/admin/users/ → 200 | 26.81 ms | User: new_admin_final
[API LOG] GET /api/admin/projects/ → 200 | 55.23 ms | User: new_admin_final
[API LOG] GET /api/profile/ → 200 | 227.44 ms | User: new_admin_final
[API LOG] GET /api/projects/my/ → 200 | 27.94 ms | User: new_admin_final
[API LOG] POST /api/auth/login/ → 200 | 979.41 ms | User: Anonymous
[API LOG] GET /api/profile/ → 200 | 14.91 ms | User: qqqq
[API LOG] GET /api/projects/my/ → 200 | 71.73 ms | User: qqqq
[API LOG] GET /api/programmers/ → 200 | 56.33 ms | User: Anonymous
[API LOG] GET /api/programmers/7/ → 200 | 23.76 ms | User: Anonymous
[API LOG] POST /api/programmers/7/view/ → 200 | 26.81 ms | User: Anonymous
[API LOG] GET /api/profile/ → 200 | 12.72 ms | User: qqqq
[API LOG] GET /api/projects/my/ → 200 | 36.05 ms | User: qqqq
[API LOG] GET /media/project_docs/health_fitness_dataset_1.zip → 200 | 200.42 ms | User: Anonymous
[API LOG] POST /api/auth/login/ → 200 | 777.28 ms | User: Anonymous
[API LOG] GET /api/profile/ → 200 | 22.84 ms | User: hhhh
[API LOG] GET /api/projects/my/ → 200 | 30.07 ms | User: hhhh
[API LOG] GET /api/programmers/ → 200 | 120.2 ms | User: Anonymous
[API LOG] GET /api/programmers/1/ → 200 | 17.65 ms | User: Anonymous
[API LOG] POST /api/programmers/1/view/ → 200 | 31.23 ms | User: Anonymous
[API LOG] GET /api/programmers/ → 200 | 38.25 ms | User: Anonymous
[API LOG] GET /api/programmers/?search=hh → 200 | 22.62 ms | User: Anonymous
[API LOG] GET /api/programmers/?search=mob → 200 | 16.57 ms | User: Anonymous
[API LOG] POST /api/contact/ → 502 | 1541.31 ms | User: Anonymous
[API LOG] POST /api/contact/ → 502 | 1097.38 ms | User: Anonymous
[API LOG] GET /api/profile/ → 200 | 13.6 ms | User: hhhh
[API LOG] GET /api/projects/my/ → 200 | 29.62 ms | User: hhhh
[API LOG] POST /api/contact/ → 502 | 1138.72 ms | User: Anonymous
[API LOG] POST /api/contact/ → 502 | 1046.52 ms | User: Anonymous
[API LOG] POST /api/auth/login/ → 200 | 756.22 ms | User: Anonymous
[API LOG] GET /api/profile/ → 200 | 12.14 ms | User: new_admin_final
[API LOG] GET /api/projects/my/ → 200 | 13.29 ms | User: new_admin_final
[API LOG] POST /api/auth/login/ → 200 | 815.44 ms | User: Anonymous
[API LOG] GET /api/profile/ → 200 | 9.68 ms | User: new_admin_final
[API LOG] GET /api/projects/my/ → 200 | 9.0 ms | User: new_admin_final
[API LOG] GET /api/auth/admin/users/ → 200 | 97.46 ms | User: new_admin_final
[API LOG] GET /api/admin/projects/ → 200 | 126.54 ms | User: new_admin_final
[API LOG] GET /api/profile/ → 200 | 8.33 ms | User: new_admin_final
[API LOG] GET /api/projects/my/ → 200 | 7.73 ms | User: new_admin_final
[API LOG] GET /api/programmers/ → 200 | 32.44 ms | User: Anonymous
[API LOG] GET /api/programmers/ → 200 | 24.61 ms | User: Anonymous
[API LOG] POST /api/auth/login/ → 200 | 862.4 ms | User: Anonymous
[API LOG] GET /api/profile/ → 200 | 3.39 ms | User: qqqq
[API LOG] GET /api/projects/my/ → 200 | 51.27 ms | User: qqqq
[API LOG] POST /stripe_webhook/ → 404 | 115.55 ms | User: Anonymous
[API LOG] POST /stripe_webhook/ → 404 | 5.81 ms | User: Anonymous
[API LOG] POST /stripe_webhook/ → 404 | 6.29 ms | User: Anonymous
[API LOG] POST /stripe_webhook/ → 404 | 5.58 ms | User: Anonymous
[API LOG] POST /stripe_webhook/ → 404 | 8.35 ms | User: Anonymous
[API LOG] POST /stripe_webhook/ → 404 | 8.55 ms | User: Anonymous
[API LOG] POST /stripe_webhook/ → 404 | 7.25 ms | User: Anonymous
[API LOG] POST /api/stripe_webhook/ → 400 | 11.89 ms | User: Anonymous
[API LOG] POST /api/stripe_webhook/ → 400 | 0.18 ms | User: Anonymous
[API LOG] POST /api/stripe_webhook/ → 400 | 0.32 ms | User: Anonymous
[API LOG] POST /api/stripe_webhook/ → 400 | 0.3 ms | User: Anonymous
[API LOG] POST /api/stripe_webhook/ → 400 | 0.32 ms | User: Anonymous
[API LOG] POST /api/stripe_webhook/ → 400 | 0.17 ms | User: Anonymous
[API LOG] POST /api/stripe_webhook/ → 400 | 0.17 ms | User: Anonymous
[API LOG] POST /api/stripe_webhook/ → 200 | 20.03 ms | User: Anonymous
[API LOG] POST /api/stripe_webhook/ → 200 | 3.73 ms | User: Anonymous
[API LOG] POST /api/stripe_webhook/ → 200 | 6.56 ms | User: Anonymous
[API LOG] POST /api/stripe_webhook/ → 200 | 6.83 ms | User: Anonymous
[API LOG] POST /api/stripe_webhook/ → 200 | 0.86 ms | User: Anonymous
[API LOG] POST /api/stripe_webhook/ → 200 | 18.05 ms | User: Anonymous
[API LOG] POST /api/stripe_webhook/ → 200 | 0.75 ms | User: Anonymous
[API LOG] GET /api/profile/ → 401 | 152.87 ms | User: Anonymous
[API LOG] POST /api/auth/login/ → 200 | 861.24 ms | User: Anonymous
[API LOG] GET /api/profile/ → 200 | 4.4 ms | User: qqqq
[API LOG] GET /api/projects/my/ → 200 | 50.66 ms | User: qqqq
[API LOG] POST /api/projects/create-checkout-session/5/ → 200 | 1631.83 ms | User: qqqq
[API LOG] GET /api/profile/ → 200 | 85.11 ms | User: qqqq
[API LOG] GET /api/projects/my/ → 200 | 65.07 ms | User: qqqq
[API LOG] POST /api/projects/create-checkout-session/5/ → 200 | 1316.16 ms | User: qqqq
[API LOG] GET /api/profile/ → 200 | 33.99 ms | User: qqqq
[API LOG] GET /api/projects/my/ → 200 | 18.15 ms | User: qqqq
[API LOG] GET /api/profile/ → 200 | 17.33 ms | User: qqqq
[API LOG] GET /api/projects/my/ → 200 | 23.56 ms | User: qqqq
[API LOG] GET /api/profile/ → 200 | 9.14 ms | User: qqqq
[API LOG] GET /api/projects/my/ → 200 | 28.02 ms | User: qqqq
[API LOG] POST /api/projects/payment-intent/5/ → 404 | 88.86 ms | User: Anonymous
[API LOG] POST /api/projects/payment-intent/5/ → 404 | 5.38 ms | User: Anonymous
[API LOG] POST /api/projects/payment-intent/8/ → 404 | 2.54 ms | User: Anonymous
[API LOG] GET /api/profile/ → 200 | 9.21 ms | User: qqqq
[API LOG] GET /api/projects/my/ → 200 | 8.65 ms | User: qqqq
[API LOG] GET /api/profile/ → 200 | 18.67 ms | User: qqqq
[API LOG] GET /api/projects/my/ → 200 | 11.39 ms | User: qqqq
[API LOG] POST /api/projects/payment-intent/5/ → 200 | 1221.06 ms | User: qqqq
[API LOG] POST /api/stripe_webhook/ → 200 | 9.35 ms | User: Anonymous
[API LOG] POST /api/projects/payment-intent/8/ → 200 | 702.63 ms | User: qqqq
[API LOG] POST /api/stripe_webhook/ → 200 | 1.34 ms | User: Anonymous
[API LOG] GET /api/profile/ → 200 | 43.54 ms | User: qqqq
[API LOG] GET /api/projects/my/ → 200 | 48.06 ms | User: qqqq
[API LOG] GET /api/profile/ → 200 | 113.58 ms | User: qqqq
[API LOG] GET /api/projects/my/ → 200 | 26.76 ms | User: qqqq
[API LOG] GET /api/profile/ → 200 | 5.58 ms | User: qqqq
[API LOG] GET /api/projects/my/ → 200 | 16.36 ms | User: qqqq
[API LOG] POST /api/projects/payment-intent/5/ → 401 | 38.15 ms | User: Anonymous
[API LOG] GET /api/profile/ → 401 | 4.22 ms | User: Anonymous
[API LOG] POST /api/auth/login/ → 200 | 415.88 ms | User: Anonymous
[API LOG] GET /api/profile/ → 200 | 2.73 ms | User: qqqq
[API LOG] GET /api/projects/my/ → 200 | 20.25 ms | User: qqqq
[API LOG] POST /api/projects/payment-intent/5/ → 200 | 1523.14 ms | User: qqqq
[API LOG] POST /api/stripe_webhook/ → 200 | 15.54 ms | User: Anonymous
[API LOG] POST /api/auth/login/ → 200 | 324.51 ms | User: Anonymous
[API LOG] GET /api/profile/ → 200 | 7.05 ms | User: hhhh
[API LOG] GET /api/projects/my/ → 200 | 13.16 ms | User: hhhh
[API LOG] POST /api/projects/7/complete/ → 200 | 17.63 ms | User: hhhh
[API LOG] GET /api/projects/my/ → 200 | 20.07 ms | User: hhhh
[API LOG] GET /api/profile/ → 200 | 34.24 ms | User: hhhh
[API LOG] GET /api/projects/my/ → 200 | 14.97 ms | User: hhhh
[API LOG] GET /api/profile/ → 200 | 6.84 ms | User: hhhh
[API LOG] GET /api/projects/my/ → 200 | 12.8 ms | User: hhhh
[API LOG] GET /api/profile/ → 200 | 14.19 ms | User: hhhh
[API LOG] GET /api/projects/my/ → 200 | 20.23 ms | User: hhhh
[API LOG] GET /api/profile/ → 200 | 11.19 ms | User: hhhh
[API LOG] GET /api/projects/my/ → 200 | 17.6 ms | User: hhhh
[API LOG] POST /api/auth/login/ → 200 | 417.38 ms | User: Anonymous
[API LOG] GET /api/auth/admin/users/ → 200 | 59.17 ms | User: new_admin_final
[API LOG] GET /api/admin/projects/ → 200 | 61.8 ms | User: new_admin_final
[API LOG] GET /api/profile/ → 200 | 4.25 ms | User: new_admin_final
[API LOG] GET /api/projects/my/ → 200 | 4.87 ms | User: new_admin_final
[API LOG] GET /api/auth/admin/users/ → 200 | 13.53 ms | User: new_admin_final
[API LOG] GET /api/admin/projects/ → 200 | 27.87 ms | User: new_admin_final
[API LOG] GET /api/profile/ → 200 | 56.37 ms | User: new_admin_final
[API LOG] GET /api/projects/my/ → 200 | 8.64 ms | User: new_admin_final
[API LOG] GET /api/profile/ → 200 | 4.23 ms | User: new_admin_final
[API LOG] GET /api/projects/my/ → 200 | 10.64 ms | User: new_admin_final
[API LOG] POST /api/auth/login/ → 200 | 413.39 ms | User: Anonymous
[API LOG] GET /api/auth/admin/users/ → 200 | 49.14 ms | User: new_admin_final
[API LOG] GET /api/admin/projects/ → 200 | 57.17 ms | User: new_admin_final
[API LOG] GET /api/profile/ → 200 | 4.87 ms | User: new_admin_final
[API LOG] GET /api/projects/my/ → 200 | 7.67 ms | User: new_admin_final
[API LOG] GET /api/profile/ → 200 | 77.12 ms | User: new_admin_final
[API LOG] GET /api/projects/my/ → 200 | 5.75 ms | User: new_admin_final
[API LOG] POST /api/auth/login/ → 200 | 388.05 ms | User: Anonymous
[API LOG] POST /api/auth/login/ → 200 | 366.61 ms | User: Anonymous
[API LOG] GET /api/auth/admin/users/ → 200 | 18.34 ms | User: new_admin_final
[API LOG] GET /api/admin/projects/ → 200 | 21.19 ms | User: new_admin_final
[API LOG] POST /api/contact/ → 200 | 15.7 ms | User: Anonymous
[API LOG] POST /api/contact/ → 200 | 192.89 ms | User: Anonymous
[API LOG] POST /api/auth/login/ → 200 | 885.7 ms | User: Anonymous
[API LOG] GET /api/admin/projects/ → 200 | 43.76 ms | User: new_admin_final
[API LOG] GET /api/admin/users/ → 404 | 22.13 ms | User: Anonymous
[API LOG] GET /api/admin/messages/ → 200 | 10.44 ms | User: new_admin_final
[API LOG] GET /api/profile/ → 200 | 8.89 ms | User: new_admin_final
[API LOG] GET /api/projects/my/ → 200 | 8.59 ms | User: new_admin_final
[API LOG] GET /api/programmers/ → 200 | 35.23 ms | User: Anonymous
[API LOG] GET /api/programmers/6/ → 200 | 6.61 ms | User: Anonymous
[API LOG] POST /api/programmers/6/view/ → 200 | 10.38 ms | User: Anonymous
[API LOG] POST /api/projects/create/6/ → 201 | 27.53 ms | User: new_admin_final
[API LOG] GET /api/profile/ → 200 | 5.11 ms | User: new_admin_final
[API LOG] GET /api/projects/my/ → 200 | 13.53 ms | User: new_admin_final
[API LOG] POST /api/projects/payment-intent/9/ → 200 | 1686.79 ms | User: new_admin_final
[API LOG] POST /api/stripe_webhook/ → 200 | 6.72 ms | User: Anonymous
[API LOG] POST /api/projects/payment-intent/9/ → 200 | 432.81 ms | User: new_admin_final
[API LOG] POST /api/stripe_webhook/ → 200 | 2.85 ms | User: Anonymous
[API LOG] GET /api/programmers/6/ → 200 | 4.43 ms | User: Anonymous
[API LOG] POST /api/programmers/6/view/ → 200 | 12.85 ms | User: Anonymous
[API LOG] GET /api/programmers/ → 200 | 30.04 ms | User: Anonymous
[API LOG] GET /api/profile/ → 200 | 4.6 ms | User: new_admin_final
[API LOG] GET /api/projects/my/ → 200 | 13.73 ms | User: new_admin_final
[API LOG] GET /api/admin/users/ → 404 | 12.06 ms | User: Anonymous
[API LOG] GET /api/admin/messages/ → 200 | 24.71 ms | User: new_admin_final
[API LOG] GET /api/admin/projects/ → 200 | 65.25 ms | User: new_admin_final
[API LOG] GET /api/admin/messages/ → 200 | 85.18 ms | User: new_admin_final
[API LOG] GET /api/admin/projects/ → 200 | 147.15 ms | User: new_admin_final
[API LOG] GET /api/admin/users/ → 200 | 162.08 ms | User: new_admin_final
[API LOG] GET /api/admin/messages/ → 200 | 103.92 ms | User: new_admin_final
[API LOG] GET /api/admin/projects/ → 200 | 159.48 ms | User: new_admin_final
[API LOG] GET /api/admin/users/ → 200 | 180.82 ms | User: new_admin_final
[API LOG] GET /api/profile/ → 200 | 4.07 ms | User: new_admin_final
[API LOG] GET /api/projects/my/ → 200 | 12.52 ms | User: new_admin_final
[API LOG] POST /api/projects/payment-intent/9/ → 200 | 1585.49 ms | User: new_admin_final
[API LOG] POST /api/stripe_webhook/ → 200 | 10.47 ms | User: Anonymous
[API LOG] POST /api/stripe_webhook/ → 200 | 188.79 ms | User: Anonymous
[API LOG] POST /api/stripe_webhook/ → 200 | 393.03 ms | User: Anonymous
[API LOG] POST /api/stripe_webhook/ → 200 | 1.64 ms | User: Anonymous
[API LOG] POST /api/projects/payment-intent/9/ → 200 | 1096.88 ms | User: new_admin_final
[API LOG] POST /api/stripe_webhook/ → 200 | 0.92 ms | User: Anonymous
[API LOG] POST /api/projects/payment-intent/9/ → 200 | 1197.73 ms | User: new_admin_final
[API LOG] POST /api/stripe_webhook/ → 200 | 1.69 ms | User: Anonymous
[API LOG] POST /api/contact/ → 200 | 32.09 ms | User: Anonymous
[API LOG] POST /api/auth/login/ → 200 | 876.49 ms | User: Anonymous
[API LOG] GET /api/admin/projects/ → 200 | 80.87 ms | User: new_admin_final
[API LOG] GET /api/admin/messages/ → 200 | 17.32 ms | User: new_admin_final
[API LOG] GET /api/admin/users/ → 200 | 127.34 ms | User: new_admin_final
[API LOG] POST /api/auth/login/ → 200 | 802.72 ms | User: Anonymous
[API LOG] GET /api/profile/ → 200 | 6.9 ms | User: qqqq
[API LOG] GET /api/projects/my/ → 200 | 26.35 ms | User: qqqq
[API LOG] POST /api/projects/payment-intent/5/ → 200 | 1224.69 ms | User: qqqq
[API LOG] POST /api/stripe_webhook/ → 200 | 3.51 ms | User: Anonymous
[API LOG] POST /api/auth/login/ → 200 | 941.79 ms | User: Anonymous
[API LOG] GET /api/profile/ → 200 | 9.71 ms | User: qqqq
[API LOG] GET /api/projects/my/ → 200 | 37.83 ms | User: qqqq
[API LOG] POST /api/projects/payment-intent/7/ → 200 | 1260.47 ms | User: qqqq
[API LOG] POST /api/stripe_webhook/ → 200 | 3.23 ms | User: Anonymous
[API LOG] GET /api/programmers/ → 200 | 31.92 ms | User: Anonymous
[API LOG] GET /api/profile/ → 200 | 7.64 ms | User: qqqq
[API LOG] GET /api/projects/my/ → 200 | 6.86 ms | User: qqqq
[API LOG] POST /api/projects/payment-intent/8/ → 200 | 1178.16 ms | User: qqqq
[API LOG] POST /api/stripe_webhook/ → 200 | 7.6 ms | User: Anonymous
[API LOG] GET /api/profile/ → 200 | 23.37 ms | User: qqqq
[API LOG] GET /api/projects/my/ → 200 | 18.72 ms | User: qqqq
[API LOG] POST /api/projects/payment-intent/5/ → 200 | 1274.82 ms | User: qqqq
[API LOG] POST /api/stripe_webhook/ → 200 | 5.06 ms | User: Anonymous
[API LOG] GET /api/profile/ → 200 | 40.87 ms | User: qqqq
[API LOG] GET /api/projects/my/ → 200 | 20.45 ms | User: qqqq
[API LOG] POST /api/projects/payment-intent/5/ → 200 | 1203.15 ms | User: qqqq
[API LOG] POST /api/stripe_webhook/ → 200 | 2.74 ms | User: Anonymous
[API LOG] GET /api/profile/ → 200 | 13.09 ms | User: qqqq
[API LOG] GET /api/projects/my/ → 200 | 45.1 ms | User: qqqq
[API LOG] GET /api/profile/ → 200 | 5.31 ms | User: qqqq
[API LOG] GET /api/projects/my/ → 200 | 23.5 ms | User: qqqq
[API LOG] POST /api/projects/payment-intent/5/ → 200 | 1139.56 ms | User: qqqq
[API LOG] POST /api/stripe_webhook/ → 200 | 1.34 ms | User: Anonymous
[API LOG] POST /api/stripe_webhook/ → 200 | 44.95 ms | User: Anonymous
[API LOG] POST /api/stripe_webhook/ → 200 | 71.44 ms | User: Anonymous
[API LOG] POST /api/stripe_webhook/ → 200 | 1.69 ms | User: Anonymous
[API LOG] POST /api/auth/login/ → 200 | 750.8 ms | User: Anonymous
[API LOG] GET /api/profile/ → 200 | 15.93 ms | User: hhhh
[API LOG] GET /api/projects/my/ → 200 | 19.77 ms | User: hhhh
[API LOG] POST /api/auth/login/ → 200 | 791.14 ms | User: Anonymous
[API LOG] GET /api/profile/ → 200 | 8.44 ms | User: qqqq
[API LOG] GET /api/projects/my/ → 200 | 18.31 ms | User: qqqq
[API LOG] POST /api/projects/payment-intent/6/ → 200 | 1060.09 ms | User: qqqq
[API LOG] POST /api/stripe_webhook/ → 200 | 2.22 ms | User: Anonymous
[API LOG] POST /api/stripe_webhook/ → 200 | 27.67 ms | User: Anonymous
[API LOG] POST /api/stripe_webhook/ → 200 | 2.76 ms | User: Anonymous
[API LOG] POST /api/stripe_webhook/ → 200 | 1.82 ms | User: Anonymous
[API LOG] POST /api/projects/payment-intent/6/ → 200 | 912.77 ms | User: qqqq
[API LOG] POST /api/stripe_webhook/ → 200 | 2.14 ms | User: Anonymous
[API LOG] POST /api/auth/login/ → 200 | 811.03 ms | User: Anonymous
[API LOG] GET /api/profile/ → 200 | 13.21 ms | User: hhhh
[API LOG] GET /api/projects/my/ → 200 | 19.0 ms | User: hhhh
[API LOG] POST /api/projects/6/complete/ → 200 | 30.83 ms | User: hhhh
[API LOG] GET /api/projects/my/ → 200 | 27.61 ms | User: hhhh
[API LOG] POST /api/auth/login/ → 200 | 800.52 ms | User: Anonymous
[API LOG] GET /api/profile/ → 200 | 7.45 ms | User: qqqq
[API LOG] GET /api/projects/my/ → 200 | 18.65 ms | User: qqqq
[API LOG] GET /api/profile/ → 200 | 16.43 ms | User: qqqq
[API LOG] GET /api/projects/my/ → 200 | 11.88 ms | User: qqqq
[API LOG] GET /api/profile/ → 200 | 21.03 ms | User: qqqq
[API LOG] GET /api/projects/my/ → 200 | 16.62 ms | User: qqqq
[API LOG] GET /api/profile/ → 200 | 4.49 ms | User: qqqq
[API LOG] GET /api/projects/my/ → 200 | 7.23 ms | User: qqqq
[API LOG] GET /api/profile/ → 200 | 2.65 ms | User: qqqq
[API LOG] GET /api/projects/my/ → 200 | 6.61 ms | User: qqqq
[API LOG] GET /api/profile/ → 200 | 2.42 ms | User: qqqq
[API LOG] GET /api/projects/my/ → 200 | 7.13 ms | User: qqqq
[API LOG] GET /api/profile/ → 200 | 2.55 ms | User: qqqq
[API LOG] GET /api/projects/my/ → 200 | 10.12 ms | User: qqqq
[API LOG] GET /api/profile/ → 200 | 2.72 ms | User: qqqq
[API LOG] GET /api/projects/my/ → 200 | 6.98 ms | User: qqqq
[API LOG] GET /api/profile/ → 200 | 3.61 ms | User: qqqq
[API LOG] GET /api/projects/my/ → 200 | 7.75 ms | User: qqqq
[API LOG] GET /api/profile/ → 200 | 4.65 ms | User: qqqq
[API LOG] GET /api/projects/my/ → 200 | 9.62 ms | User: qqqq
[API LOG] GET /api/profile/ → 200 | 2.72 ms | User: qqqq
[API LOG] GET /api/projects/my/ → 200 | 8.81 ms | User: qqqq
[API LOG] GET /api/profile/ → 200 | 2.79 ms | User: qqqq
[API LOG] GET /api/projects/my/ → 200 | 13.18 ms | User: qqqq
[API LOG] GET /api/profile/ → 200 | 4.63 ms | User: qqqq
[API LOG] GET /api/projects/my/ → 200 | 9.77 ms | User: qqqq
[API LOG] GET /api/profile/ → 200 | 2.53 ms | User: qqqq
[API LOG] GET /api/projects/my/ → 200 | 12.75 ms | User: qqqq
[API LOG] GET /api/profile/ → 200 | 229.91 ms | User: qqqq
[API LOG] GET /api/projects/my/ → 200 | 61.04 ms | User: qqqq
[API LOG] GET /api/profile/ → 401 | 40.17 ms | User: Anonymous
[API LOG] GET /api/profile/ → 401 | 1.44 ms | User: Anonymous
[API LOG] GET /api/programmers/ → 200 | 27.69 ms | User: Anonymous
[API LOG] GET /api/profile/ → 401 | 1.1 ms | User: Anonymous
[API LOG] POST /api/auth/login/ → 200 | 802.72 ms | User: Anonymous
[API LOG] POST /api/auth/login/ → 200 | 764.3 ms | User: Anonymous
[API LOG] GET /api/profile/ → 200 | 5.64 ms | User: qqqq
[API LOG] GET /api/projects/my/ → 200 | 34.32 ms | User: qqqq
[API LOG] GET /api/profile/ → 401 | 64.31 ms | User: Anonymous
[API LOG] GET /api/profile/ → 401 | 32.74 ms | User: Anonymous
[API LOG] POST /api/auth/login/ → 200 | 874.47 ms | User: Anonymous
[API LOG] POST /api/auth/login/ → 200 | 814.21 ms | User: Anonymous
[API LOG] GET /api/profile/ → 200 | 19.56 ms | User: qqqq
[API LOG] GET /api/projects/my/ → 200 | 61.3 ms | User: qqqq
[API LOG] GET /api/profile/ → 401 | 20.56 ms | User: Anonymous
[API LOG] POST /api/auth/login/ → 400 | 33.69 ms | User: Anonymous
[API LOG] POST /api/auth/login/ → 401 | 702.49 ms | User: Anonymous
[API LOG] GET /api/profile/ → 401 | 1.27 ms | User: Anonymous
[API LOG] POST /api/auth/login/ → 200 | 764.31 ms | User: Anonymous
[API LOG] POST /api/auth/register/ → 400 | 102.55 ms | User: Anonymous
[API LOG] POST /api/auth/register/ → 201 | 791.58 ms | User: Anonymous
[API LOG] POST /api/auth/login/ → 200 | 788.72 ms | User: Anonymous
[API LOG] GET /api/profile/ → 200 | 5.45 ms | User: Mohammed Faisal
[API LOG] GET /api/projects/my/ → 200 | 6.24 ms | User: Mohammed Faisal
[API LOG] GET /api/programmers/ → 200 | 48.47 ms | User: Anonymous
[API LOG] GET /api/programmers/1/ → 200 | 16.48 ms | User: Anonymous
[API LOG] POST /api/programmers/1/view/ → 200 | 23.42 ms | User: Anonymous
[API LOG] GET /api/programmers/ → 200 | 44.49 ms | User: Anonymous
[API LOG] GET /api/programmers/12/ → 200 | 10.84 ms | User: Anonymous
[API LOG] POST /api/programmers/12/view/ → 200 | 12.93 ms | User: Anonymous
[API LOG] POST /api/projects/create/12/ → 201 | 82.2 ms | User: Mohammed Faisal
[API LOG] GET /api/profile/ → 200 | 9.77 ms | User: Mohammed Faisal
[API LOG] GET /api/projects/my/ → 200 | 13.26 ms | User: Mohammed Faisal
[API LOG] GET /api/programmers/ → 200 | 26.79 ms | User: Anonymous
[API LOG] GET /api/profile/ → 200 | 6.04 ms | User: Mohammed Faisal
[API LOG] GET /api/projects/my/ → 200 | 12.05 ms | User: Mohammed Faisal
[API LOG] GET /api/programmers/ → 200 | 25.46 ms | User: Anonymous
[API LOG] GET /api/programmers/12/ → 200 | 7.09 ms | User: Anonymous
[API LOG] POST /api/programmers/12/view/ → 200 | 12.63 ms | User: Anonymous
[API LOG] POST /api/auth/login/ → 200 | 728.64 ms | User: Anonymous
[API LOG] GET /api/profile/ → 200 | 6.45 ms | User: MahmoudSaeed
[API LOG] GET /api/projects/my/ → 200 | 15.62 ms | User: MahmoudSaeed
[API LOG] POST /api/contact/ → 200 | 65.82 ms | User: Anonymous
[API LOG] GET /api/profile/ → 200 | 30.92 ms | User: MahmoudSaeed
[API LOG] GET /api/projects/my/ → 200 | 16.33 ms | User: MahmoudSaeed
[API LOG] POST /api/contact/ → 200 | 8.67 ms | User: Anonymous
[API LOG] POST /api/contact/ → 200 | 16.5 ms | User: Anonymous
[API LOG] POST /api/auth/register/ → 400 | 19.03 ms | User: Anonymous
[API LOG] POST /api/auth/register/ → 400 | 25.78 ms | User: Anonymous
[API LOG] POST /api/contact/ → 200 | 72.76 ms | User: Anonymous
[API LOG] POST /api/contact/ → 200 | 18.43 ms | User: Anonymous
[API LOG] POST /api/contact/ → 200 | 19.91 ms | User: Anonymous
[API LOG] POST /api/auth/login/ → 401 | 911.25 ms | User: Anonymous
[API LOG] POST /api/auth/login/ → 401 | 784.62 ms | User: Anonymous
[API LOG] GET /api/programmers/ → 200 | 126.04 ms | User: Anonymous
[API LOG] POST /api/auth/login/ → 200 | 839.75 ms | User: Anonymous
[API LOG] GET /api/profile/ → 200 | 12.42 ms | User: Amer
[API LOG] GET /api/projects/my/ → 200 | 18.59 ms | User: Amer
[API LOG] GET /api/programmers/ → 200 | 31.06 ms | User: Anonymous
[API LOG] GET /api/programmers/ → 200 | 19.61 ms | User: Anonymous
[API LOG] GET /api/profile/ → 200 | 14.5 ms | User: Amer
[API LOG] GET /api/projects/my/ → 200 | 19.49 ms | User: Amer
[API LOG] POST /api/auth/login/ → 200 | 835.47 ms | User: Anonymous
[API LOG] GET /api/profile/ → 200 | 14.04 ms | User: Amer
[API LOG] GET /api/projects/my/ → 200 | 19.21 ms | User: Amer
[API LOG] POST /api/auth/login/ → 200 | 819.67 ms | User: Anonymous
[API LOG] GET /api/profile/ → 200 | 8.81 ms | User: Amer
[API LOG] GET /api/projects/my/ → 200 | 9.95 ms | User: Amer
[API LOG] PATCH /api/profile/ → 500 | 659.99 ms | User: Amer
[API LOG] PATCH /api/profile/ → 500 | 108.89 ms | User: Amer
[API LOG] GET /api/programmers/ → 200 | 46.16 ms | User: Anonymous
[API LOG] GET /api/profile/ → 200 | 8.72 ms | User: Amer
[API LOG] GET /api/projects/my/ → 200 | 11.4 ms | User: Amer
[API LOG] PATCH /api/profile/ → 200 | 25.98 ms | User: Amer
[API LOG] GET /api/programmers/ → 200 | 26.24 ms | User: Anonymous
[API LOG] GET /api/programmers/12/ → 200 | 10.84 ms | User: Anonymous
[API LOG] POST /api/programmers/12/view/ → 200 | 12.28 ms | User: Anonymous
[API LOG] GET /api/profile/ → 200 | 14.98 ms | User: Amer
[API LOG] GET /api/projects/my/ → 200 | 15.03 ms | User: Amer
[API LOG] PATCH /api/profile/ → 500 | 74.69 ms | User: Amer
[API LOG] PATCH /api/profile/ → 500 | 88.65 ms | User: Amer
[API LOG] PATCH /api/profile/ → 500 | 87.9 ms | User: Amer
[API LOG] GET /api/programmers/ → 200 | 27.19 ms | User: Anonymous
[API LOG] GET /api/profile/ → 200 | 10.3 ms | User: Amer
[API LOG] GET /api/projects/my/ → 200 | 13.97 ms | User: Amer
[API LOG] POST /api/auth/login/ → 200 | 701.42 ms | User: Anonymous
[API LOG] GET /api/profile/ → 200 | 8.37 ms | User: London
[API LOG] GET /api/projects/my/ → 200 | 14.77 ms | User: London
[API LOG] GET /api/programmers/ → 200 | 27.03 ms | User: Anonymous
[API LOG] GET /api/programmers/1/ → 200 | 9.52 ms | User: Anonymous
[API LOG] POST /api/programmers/1/view/ → 200 | 8.6 ms | User: Anonymous
[API LOG] GET /api/profile/ → 200 | 16.44 ms | User: London
[API LOG] GET /api/projects/my/ → 200 | 15.01 ms | User: London
[API LOG] PATCH /api/profile/ → 500 | 80.4 ms | User: London
[API LOG] GET /api/programmers/ → 200 | 22.35 ms | User: Anonymous
[API LOG] GET /api/profile/ → 200 | 9.18 ms | User: London
[API LOG] GET /api/projects/my/ → 200 | 15.72 ms | User: London
[API LOG] GET /api/programmers/ → 200 | 28.53 ms | User: Anonymous
[API LOG] POST /api/auth/login/ → 200 | 812.12 ms | User: Anonymous
[API LOG] GET /api/profile/ → 200 | 6.77 ms | User: MahmoudSaeed
[API LOG] GET /api/projects/my/ → 200 | 8.53 ms | User: MahmoudSaeed
[API LOG] PATCH /api/profile/ → 500 | 76.24 ms | User: MahmoudSaeed
[API LOG] GET /api/programmers/ → 200 | 36.94 ms | User: Anonymous
[API LOG] GET /api/programmers/12/ → 200 | 7.75 ms | User: Anonymous
[API LOG] POST /api/programmers/12/view/ → 200 | 16.22 ms | User: Anonymous
[API LOG] GET /api/programmers/ → 200 | 26.31 ms | User: Anonymous
[API LOG] GET /api/programmers/1/ → 200 | 6.53 ms | User: Anonymous
[API LOG] POST /api/programmers/1/view/ → 200 | 9.57 ms | User: Anonymous
[API LOG] GET /api/profile/ → 200 | 9.66 ms | User: MahmoudSaeed
[API LOG] GET /api/projects/my/ → 200 | 14.67 ms | User: MahmoudSaeed
[API LOG] PATCH /api/profile/ → 200 | 27.37 ms | User: Mahmoud Saeed
[API LOG] PATCH /api/profile/ → 200 | 33.7 ms | User: Mahmoud Saeed
[API LOG] PATCH /api/profile/ → 200 | 32.2 ms | User: Mahmoud Saeed
[API LOG] GET /api/programmers/ → 200 | 32.11 ms | User: Anonymous
[API LOG] GET /api/programmers/12/ → 200 | 6.91 ms | User: Anonymous
[API LOG] POST /api/programmers/12/view/ → 200 | 8.85 ms | User: Anonymous
[API LOG] GET /api/programmers/ → 200 | 83.84 ms | User: Anonymous
[API LOG] GET /api/programmers/ → 200 | 70.39 ms | User: Anonymous
[API LOG] GET /api/profile/ → 401 | 19.09 ms | User: Anonymous
[API LOG] POST /api/auth/login/ → 401 | 783.8 ms | User: Anonymous
[API LOG] GET /api/programmers/ → 200 | 82.8 ms | User: Anonymous
[API LOG] GET /api/profile/ → 401 | 17.64 ms | User: Anonymous
[API LOG] POST /api/auth/login/ → 200 | 754.08 ms | User: Anonymous
[API LOG] GET /api/profile/ → 200 | 8.34 ms | User: hhhh
[API LOG] GET /api/projects/my/ → 200 | 29.32 ms | User: hhhh
[API LOG] PUT /api/auth/change-password/ → 400 | 752.02 ms | User: hhhh
[API LOG] PUT /api/auth/change-password/ → 400 | 729.61 ms | User: hhhh
[API LOG] PUT /api/auth/change-password/ → 400 | 817.44 ms | User: hhhh
[API LOG] PUT /api/auth/change-password/ → 400 | 864.97 ms | User: hhhh
[API LOG] GET /api/profile/ → 200 | 154.2 ms | User: hhhh
[API LOG] GET /api/projects/my/ → 200 | 36.42 ms | User: hhhh
[API LOG] PATCH /api/profile/ → 200 | 53.77 ms | User: Ahmed 
[API LOG] PUT /api/auth/change-password/ → 400 | 775.83 ms | User: Ahmed 
[API LOG] GET /api/profile/ → 200 | 7.73 ms | User: Ahmed 
[API LOG] GET /api/projects/my/ → 200 | 30.22 ms | User: Ahmed 
[API LOG] PUT /api/auth/change-password/ → 400 | 807.39 ms | User: Ahmed 
[API LOG] PUT /api/auth/change-password/ → 400 | 783.54 ms | User: Ahmed 
[API LOG] PUT /api/auth/change-password/ → 200 | 1554.17 ms | User: Ahmed 
[API LOG] GET /api/profile/ → 200 | 19.11 ms | User: Ahmed 
[API LOG] GET /api/projects/my/ → 200 | 76.14 ms | User: Ahmed 
[API LOG] GET /api/programmers/ → 200 | 27.7 ms | User: Anonymous
[API LOG] GET /api/programmers/10/ → 200 | 8.3 ms | User: Anonymous
[API LOG] POST /api/programmers/10/view/ → 200 | 18.62 ms | User: Anonymous
[API LOG] GET /api/programmers/ → 200 | 25.55 ms | User: Anonymous
[API LOG] GET /api/profile/ → 200 | 7.86 ms | User: Ahmed 
[API LOG] GET /api/projects/my/ → 200 | 18.32 ms | User: Ahmed 
[API LOG] PATCH /api/profile/ → 200 | 34.67 ms | User: Ahmed 
[API LOG] GET /api/programmers/ → 200 | 25.57 ms | User: Anonymous
[API LOG] GET /api/profile/ → 200 | 6.06 ms | User: Ahmed 
[API LOG] GET /api/projects/my/ → 200 | 23.62 ms | User: Ahmed 
[API LOG] POST /api/auth/login/ → 401 | 799.29 ms | User: Anonymous
[API LOG] POST /api/auth/login/ → 401 | 796.53 ms | User: Anonymous
[API LOG] POST /api/auth/login/ → 200 | 796.13 ms | User: Anonymous
[API LOG] GET /api/profile/ → 200 | 6.65 ms | User: Mohamed Ali
[API LOG] GET /api/projects/my/ → 200 | 9.68 ms | User: Mohamed Ali
[API LOG] PATCH /api/profile/ → 200 | 29.58 ms | User: Mohamed Ali
[API LOG] GET /api/programmers/ → 200 | 29.81 ms | User: Anonymous
[API LOG] GET /api/profile/ → 200 | 8.39 ms | User: Mohamed Ali
[API LOG] GET /api/projects/my/ → 200 | 9.16 ms | User: Mohamed Ali
[API LOG] POST /api/auth/login/ → 200 | 829.93 ms | User: Anonymous
[API LOG] GET /api/profile/ → 200 | 10.56 ms | User: Hoda Nasser
[API LOG] GET /api/projects/my/ → 200 | 6.5 ms | User: Hoda Nasser
[API LOG] PATCH /api/profile/ → 500 | 131.41 ms | User: Hoda Nasser
[API LOG] GET /api/programmers/ → 200 | 32.83 ms | User: Anonymous
[API LOG] GET /api/programmers/7/ → 200 | 35.14 ms | User: Anonymous
[API LOG] POST /api/programmers/7/view/ → 200 | 19.37 ms | User: Anonymous
[API LOG] GET /api/profile/ → 200 | 41.34 ms | User: Hoda Nasser
[API LOG] GET /api/projects/my/ → 200 | 13.23 ms | User: Hoda Nasser
[API LOG] PATCH /api/profile/ → 200 | 47.4 ms | User: Hoda Nasser
[API LOG] GET /api/profile/ → 200 | 10.76 ms | User: Hoda Nasser
[API LOG] GET /api/projects/my/ → 200 | 11.18 ms | User: Hoda Nasser
[API LOG] POST /api/auth/login/ → 200 | 755.31 ms | User: Anonymous
[API LOG] GET /api/admin/messages/ → 200 | 39.82 ms | User: new_admin_final
[API LOG] GET /api/admin/users/ → 200 | 112.57 ms | User: new_admin_final
[API LOG] GET /api/admin/projects/ → 200 | 67.2 ms | User: new_admin_final
[API LOG] GET /api/admin/messages/ → 200 | 29.37 ms | User: new_admin_final
[API LOG] GET /api/admin/projects/ → 200 | 90.2 ms | User: new_admin_final
[API LOG] GET /api/admin/users/ → 200 | 108.69 ms | User: new_admin_final
[API LOG] GET /api/admin/messages/ → 200 | 24.28 ms | User: new_admin_final
[API LOG] GET /api/admin/users/ → 200 | 86.13 ms | User: new_admin_final
[API LOG] GET /api/admin/projects/ → 200 | 81.98 ms | User: new_admin_final
[API LOG] GET /api/profile/ → 200 | 48.02 ms | User: new_admin_final
[API LOG] GET /api/projects/my/ → 200 | 24.69 ms | User: new_admin_final
[API LOG] GET /api/programmers/ → 200 | 34.83 ms | User: Anonymous
[API LOG] GET /api/admin/messages/ → 200 | 19.17 ms | User: new_admin_final
[API LOG] GET /api/admin/projects/ → 200 | 88.64 ms | User: new_admin_final
[API LOG] GET /api/admin/users/ → 200 | 108.87 ms | User: new_admin_final
[API LOG] DELETE /api/admin/projects/1/ → 404 | 189.85 ms | User: Anonymous
[API LOG] DELETE /api/admin/projects/1/ → 404 | 13.42 ms | User: Anonymous
[API LOG] DELETE /api/admin/projects/1/ → 404 | 9.16 ms | User: Anonymous
[API LOG] GET /api/admin/projects/ → 200 | 49.86 ms | User: new_admin_final
[API LOG] GET /api/admin/users/ → 200 | 67.7 ms | User: new_admin_final
[API LOG] GET /api/admin/messages/ → 200 | 11.67 ms | User: new_admin_final
[API LOG] DELETE /api/admin/projects/2/ → 404 | 11.23 ms | User: Anonymous
[API LOG] GET /api/admin/projects/ → 200 | 51.82 ms | User: new_admin_final
[API LOG] GET /api/admin/messages/ → 200 | 16.08 ms | User: new_admin_final
[API LOG] GET /api/admin/users/ → 200 | 104.82 ms | User: new_admin_final
[API LOG] DELETE /api/admin/projects/3/ → 404 | 9.42 ms | User: Anonymous
[API LOG] DELETE /api/admin/projects/9/ → 404 | 9.84 ms | User: Anonymous
[API LOG] GET /api/admin/projects/ → 200 | 62.43 ms | User: new_admin_final
[API LOG] GET /api/admin/messages/ → 200 | 12.83 ms | User: new_admin_final
[API LOG] GET /api/admin/users/ → 200 | 89.38 ms | User: new_admin_final
[API LOG] GET /api/admin/messages/ → 200 | 16.32 ms | User: new_admin_final
[API LOG] GET /api/admin/projects/ → 200 | 57.36 ms | User: new_admin_final
[API LOG] GET /api/admin/users/ → 200 | 71.81 ms | User: new_admin_final
[API LOG] GET /api/programmers/ → 200 | 23.71 ms | User: Anonymous
[API LOG] DELETE /api/admin/projects/1/delete/ → 204 | 26.31 ms | User: new_admin_final
[API LOG] GET /api/admin/projects/ → 200 | 25.12 ms | User: new_admin_final
[API LOG] DELETE /api/admin/projects/2/delete/ → 204 | 20.75 ms | User: new_admin_final
[API LOG] GET /api/admin/projects/ → 200 | 39.22 ms | User: new_admin_final
[API LOG] DELETE /api/admin/projects/3/delete/ → 204 | 18.05 ms | User: new_admin_final
[API LOG] GET /api/admin/projects/ → 200 | 35.73 ms | User: new_admin_final
[API LOG] DELETE /api/admin/projects/4/delete/ → 204 | 15.33 ms | User: new_admin_final
[API LOG] GET /api/admin/projects/ → 200 | 41.49 ms | User: new_admin_final
[API LOG] DELETE /api/admin/projects/5/delete/ → 204 | 17.62 ms | User: new_admin_final
[API LOG] GET /api/admin/projects/ → 200 | 28.04 ms | User: new_admin_final
[API LOG] DELETE /api/admin/projects/6/delete/ → 204 | 14.93 ms | User: new_admin_final
[API LOG] GET /api/admin/projects/ → 200 | 19.22 ms | User: new_admin_final
[API LOG] DELETE /api/admin/projects/7/delete/ → 204 | 13.37 ms | User: new_admin_final
[API LOG] GET /api/admin/projects/ → 200 | 23.94 ms | User: new_admin_final
[API LOG] DELETE /api/admin/projects/8/delete/ → 204 | 14.99 ms | User: new_admin_final
[API LOG] GET /api/admin/projects/ → 200 | 64.19 ms | User: new_admin_final
[API LOG] DELETE /api/admin/projects/9/delete/ → 204 | 11.85 ms | User: new_admin_final
[API LOG] GET /api/admin/projects/ → 200 | 17.11 ms | User: new_admin_final
[API LOG] GET /api/admin/messages/ → 200 | 18.7 ms | User: new_admin_final
[API LOG] GET /api/admin/projects/ → 200 | 24.64 ms | User: new_admin_final
[API LOG] GET /api/admin/users/ → 200 | 69.82 ms | User: new_admin_final
[API LOG] GET /api/profile/ → 200 | 5.4 ms | User: new_admin_final
[API LOG] GET /api/projects/my/ → 200 | 6.71 ms | User: new_admin_final
[API LOG] GET /api/profile/ → 200 | 5.66 ms | User: new_admin_final
[API LOG] GET /api/projects/my/ → 200 | 5.29 ms | User: new_admin_final
[API LOG] POST /api/auth/login/ → 200 | 787.76 ms | User: Anonymous
[API LOG] POST /api/auth/login/ → 200 | 811.13 ms | User: Anonymous
[API LOG] GET /api/admin/users/ → 200 | 45.31 ms | User: new_admin_final
[API LOG] GET /api/admin/projects/ → 200 | 8.69 ms | User: new_admin_final
[API LOG] GET /api/admin/messages/ → 200 | 6.29 ms | User: new_admin_final
[API LOG] GET /api/profile/ → 200 | 8.36 ms | User: new_admin_final
[API LOG] GET /api/projects/my/ → 200 | 8.1 ms | User: new_admin_final
[API LOG] GET /api/admin/messages/ → 200 | 21.55 ms | User: new_admin_final
[API LOG] GET /api/admin/projects/ → 200 | 25.87 ms | User: new_admin_final
[API LOG] GET /api/admin/users/ → 200 | 70.22 ms | User: new_admin_final
[API LOG] DELETE /api/admin/users/1/ → 404 | 33.12 ms | User: Anonymous
[API LOG] DELETE /api/admin/users/1/ → 404 | 10.37 ms | User: Anonymous
[API LOG] GET /api/profile/ → 200 | 8.14 ms | User: new_admin_final
[API LOG] GET /api/projects/my/ → 200 | 7.59 ms | User: new_admin_final
[API LOG] PATCH /api/profile/ → 200 | 28.14 ms | User: new_admin
[API LOG] GET /api/admin/projects/ → 200 | 25.26 ms | User: new_admin
[API LOG] GET /api/admin/messages/ → 200 | 38.54 ms | User: new_admin
[API LOG] GET /api/admin/users/ → 200 | 81.37 ms | User: new_admin
[API LOG] GET /api/admin/messages/ → 200 | 10.68 ms | User: new_admin
[API LOG] GET /api/admin/projects/ → 200 | 16.69 ms | User: new_admin
[API LOG] GET /api/admin/users/ → 200 | 56.77 ms | User: new_admin
[API LOG] DELETE /api/auth/admin/users/1/delete/ → 204 | 53.5 ms | User: new_admin
[API LOG] GET /api/admin/users/ → 200 | 58.67 ms | User: new_admin
[API LOG] GET /api/profile/ → 200 | 4.95 ms | User: new_admin
[API LOG] GET /api/projects/my/ → 200 | 7.09 ms | User: new_admin
[API LOG] GET /api/profile/ → 200 | 32.42 ms | User: new_admin
[API LOG] GET /api/admin/users/ → 200 | 52.65 ms | User: new_admin
[API LOG] GET /api/admin/projects/ → 200 | 17.25 ms | User: new_admin
[API LOG] GET /api/admin/messages/ → 200 | 6.65 ms | User: new_admin
[API LOG] GET /api/admin/projects/ → 200 | 29.72 ms | User: new_admin
[API LOG] GET /api/admin/messages/ → 200 | 29.51 ms | User: new_admin
[API LOG] GET /api/admin/users/ → 200 | 85.97 ms | User: new_admin
[API LOG] GET /api/admin/projects/ → 200 | 11.72 ms | User: new_admin
[API LOG] GET /api/admin/messages/ → 200 | 13.61 ms | User: new_admin
[API LOG] GET /api/admin/users/ → 200 | 69.28 ms | User: new_admin
[API LOG] GET /api/admin/projects/ → 200 | 19.81 ms | User: new_admin
[API LOG] GET /api/admin/messages/ → 200 | 20.01 ms | User: new_admin
[API LOG] GET /api/admin/users/ → 200 | 81.59 ms | User: new_admin
[API LOG] POST /api/auth/login/ → 401 | 839.49 ms | User: Anonymous
[API LOG] POST /api/auth/login/ → 200 | 614.52 ms | User: Anonymous
[API LOG] POST /api/auth/login/ → 200 | 778.57 ms | User: Anonymous
[API LOG] GET /api/admin/projects/ → 200 | 10.12 ms | User: new_admin
[API LOG] GET /api/admin/messages/ → 200 | 6.17 ms | User: new_admin
[API LOG] GET /api/admin/users/ → 200 | 43.35 ms | User: new_admin
[API LOG] POST /api/auth/register/ → 400 | 117.42 ms | User: Anonymous
[API LOG] POST /api/auth/register/ → 201 | 741.15 ms | User: Anonymous
[API LOG] POST /api/auth/login/ → 200 | 785.36 ms | User: Anonymous
[API LOG] GET /api/profile/ → 200 | 11.08 ms | User: Faisal
[API LOG] GET /api/projects/my/ → 200 | 6.4 ms | User: Faisal
[API LOG] GET /api/programmers/ → 200 | 45.76 ms | User: Anonymous
[API LOG] GET /api/programmers/12/ → 200 | 13.7 ms | User: Anonymous
[API LOG] POST /api/programmers/12/view/ → 200 | 17.97 ms | User: Anonymous
[API LOG] POST /api/projects/create/12/ → 201 | 100.94 ms | User: Faisal
[API LOG] GET /api/profile/ → 200 | 5.44 ms | User: Faisal
[API LOG] GET /api/projects/my/ → 200 | 11.81 ms | User: Faisal
[API LOG] GET /api/programmers/ → 200 | 39.92 ms | User: Anonymous
[API LOG] GET /api/programmers/15/ → 200 | 8.55 ms | User: Anonymous
[API LOG] POST /api/programmers/15/view/ → 200 | 18.17 ms | User: Anonymous
[API LOG] POST /api/projects/create/15/ → 201 | 50.18 ms | User: Faisal
[API LOG] GET /api/profile/ → 200 | 4.8 ms | User: Faisal
[API LOG] GET /api/projects/my/ → 200 | 17.76 ms | User: Faisal
[API LOG] POST /api/auth/login/ → 200 | 787.5 ms | User: Anonymous
[API LOG] GET /api/admin/projects/ → 200 | 26.85 ms | User: new_admin
[API LOG] GET /api/admin/messages/ → 200 | 10.55 ms | User: new_admin
[API LOG] GET /api/admin/users/ → 200 | 60.64 ms | User: new_admin
[API LOG] GET /api/admin/messages/ → 200 | 79.74 ms | User: new_admin
[API LOG] GET /api/admin/projects/ → 200 | 126.14 ms | User: new_admin
[API LOG] GET /api/admin/users/ → 200 | 111.47 ms | User: new_admin
[API LOG] GET /api/programmers/ → 200 | 36.24 ms | User: Anonymous
[API LOG] GET /api/programmers/6/ → 200 | 10.83 ms | User: Anonymous
[API LOG] POST /api/programmers/6/view/ → 200 | 22.16 ms | User: Anonymous
[API LOG] GET /api/programmers/ → 200 | 36.04 ms | User: Anonymous
[API LOG] GET /api/admin/messages/ → 200 | 19.95 ms | User: new_admin
[API LOG] GET /api/admin/projects/ → 200 | 46.87 ms | User: new_admin
[API LOG] GET /api/admin/users/ → 200 | 104.49 ms | User: new_admin
[API LOG] GET /api/profile/ → 200 | 98.52 ms | User: new_admin
[API LOG] GET /api/admin/users/ → 200 | 75.59 ms | User: new_admin
[API LOG] GET /api/admin/messages/ → 200 | 29.97 ms | User: new_admin
[API LOG] GET /api/admin/projects/ → 200 | 69.49 ms | User: new_admin
[API LOG] GET /api/programmers/ → 200 | 28.38 ms | User: Anonymous
[API LOG] POST /api/auth/login/ → 200 | 782.26 ms | User: Anonymous
[API LOG] GET /api/admin/projects/ → 200 | 31.48 ms | User: new_admin
[API LOG] GET /api/admin/messages/ → 200 | 22.82 ms | User: new_admin
[API LOG] GET /api/admin/users/ → 200 | 65.53 ms | User: new_admin
[API LOG] GET /api/admin/messages/ → 200 | 18.09 ms | User: new_admin
[API LOG] GET /api/admin/projects/ → 200 | 47.6 ms | User: new_admin
[API LOG] GET /api/admin/users/ → 200 | 90.38 ms | User: new_admin
[API LOG] GET /api/programmers/ → 200 | 26.4 ms | User: Anonymous
[API LOG] POST /api/auth/login/ → 200 | 706.17 ms | User: Anonymous
[API LOG] GET /api/profile/ → 200 | 13.29 ms | User: Amer
[API LOG] GET /api/projects/my/ → 200 | 12.64 ms | User: Amer
[API LOG] GET /api/programmers/ → 200 | 31.87 ms | User: Anonymous
[API LOG] GET /api/programmers/15/ → 200 | 6.09 ms | User: Anonymous
[API LOG] POST /api/programmers/15/view/ → 200 | 12.45 ms | User: Anonymous
[API LOG] GET /api/programmers/15/ → 200 | 89.09 ms | User: Anonymous
[API LOG] POST /api/programmers/15/view/ → 200 | 15.04 ms | User: Anonymous
[API LOG] GET /api/programmers/15/ → 200 | 69.82 ms | User: Anonymous
[API LOG] POST /api/programmers/15/view/ → 200 | 14.59 ms | User: Anonymous
[API LOG] GET /api/profile/ → 200 | 33.6 ms | User: Amer
[API LOG] GET /api/projects/my/ → 200 | 11.49 ms | User: Amer
[API LOG] POST /api/auth/register/ → 400 | 20.5 ms | User: Anonymous
[API LOG] POST /api/auth/login/ → 401 | 754.56 ms | User: Anonymous
[API LOG] POST /api/auth/login/ → 401 | 818.53 ms | User: Anonymous
[API LOG] POST /api/auth/login/ → 401 | 875.59 ms | User: Anonymous
[API LOG] GET /api/programmers/ → 200 | 114.28 ms | User: Anonymous
[API LOG] POST /api/auth/login/ → 200 | 748.44 ms | User: Anonymous
[API LOG] GET /api/profile/ → 200 | 16.79 ms | User: Hoda Nasser
[API LOG] GET /api/projects/my/ → 200 | 24.18 ms | User: Hoda Nasser
[API LOG] POST /api/projects/12/accept/ → 200 | 32.91 ms | User: Hoda Nasser
[API LOG] GET /api/projects/my/ → 200 | 23.58 ms | User: Hoda Nasser
[API LOG] PATCH /api/projects/12/update/ → 200 | 117.87 ms | User: Hoda Nasser
[API LOG] POST /api/auth/login/ → 200 | 690.09 ms | User: Anonymous
[API LOG] GET /api/profile/ → 200 | 4.13 ms | User: Faisal
[API LOG] GET /api/projects/my/ → 200 | 12.79 ms | User: Faisal
[API LOG] POST /api/auth/login/ → 200 | 899.84 ms | User: Anonymous
[API LOG] GET /api/profile/ → 200 | 22.27 ms | User: Hoda Nasser
[API LOG] GET /api/projects/my/ → 200 | 16.56 ms | User: Hoda Nasser
[API LOG] GET /api/programmers/ → 200 | 39.81 ms | User: Anonymous
[API LOG] GET /api/profile/ → 200 | 13.09 ms | User: Hoda Nasser
[API LOG] GET /api/projects/my/ → 200 | 16.69 ms | User: Hoda Nasser
[API LOG] POST /api/auth/login/ → 200 | 744.87 ms | User: Anonymous
[API LOG] GET /api/profile/ → 200 | 6.92 ms | User: Mahmoud Saeed
[API LOG] GET /api/projects/my/ → 200 | 14.22 ms | User: Mahmoud Saeed
[API LOG] POST /api/projects/10/accept/ → 200 | 22.91 ms | User: Mahmoud Saeed
[API LOG] GET /api/projects/my/ → 200 | 22.1 ms | User: Mahmoud Saeed
[API LOG] POST /api/auth/login/ → 200 | 820.86 ms | User: Anonymous
[API LOG] GET /api/profile/ → 200 | 10.26 ms | User: Faisal
[API LOG] GET /api/projects/my/ → 200 | 15.96 ms | User: Faisal
[API LOG] POST /api/projects/payment-intent/12/ → 200 | 1469.44 ms | User: Faisal
[API LOG] GET /api/profile/ → 200 | 151.21 ms | User: Faisal
[API LOG] GET /api/projects/my/ → 200 | 32.49 ms | User: Faisal
[API LOG] GET /api/profile/ → 200 | 6.7 ms | User: Faisal
[API LOG] GET /api/projects/my/ → 200 | 21.31 ms | User: Faisal
[API LOG] POST /api/auth/login/ → 200 | 813.49 ms | User: Anonymous
[API LOG] GET /api/admin/messages/ → 200 | 15.03 ms | User: new_admin
[API LOG] GET /api/admin/projects/ → 200 | 23.05 ms | User: new_admin
[API LOG] GET /api/admin/users/ → 200 | 69.33 ms | User: new_admin
[API LOG] DELETE /api/auth/admin/users/16/delete/ → 204 | 51.22 ms | User: new_admin
[API LOG] GET /api/admin/users/ → 200 | 49.28 ms | User: new_admin
[API LOG] GET /api/admin/projects/ → 401 | 81.33 ms | User: Anonymous
[API LOG] GET /api/admin/messages/ → 401 | 71.32 ms | User: Anonymous
[API LOG] GET /api/admin/users/ → 401 | 59.68 ms | User: Anonymous
[API LOG] GET /api/admin/users/ → 401 | 0.87 ms | User: Anonymous
[API LOG] GET /api/admin/messages/ → 401 | 1.13 ms | User: Anonymous
[API LOG] GET /api/admin/projects/ → 401 | 0.75 ms | User: Anonymous
[API LOG] POST /api/auth/login/ → 200 | 442.98 ms | User: Anonymous
[API LOG] GET /api/admin/users/ → 200 | 45.59 ms | User: new_admin
[API LOG] GET /api/admin/projects/ → 200 | 46.16 ms | User: new_admin
[API LOG] GET /api/admin/messages/ → 200 | 4.24 ms | User: new_admin
[API LOG] POST /api/auth/login/ → 200 | 351.33 ms | User: Anonymous
[API LOG] GET /api/profile/ → 200 | 8.82 ms | User: Faisal
[API LOG] GET /api/projects/my/ → 200 | 13.86 ms | User: Faisal
[API LOG] POST /api/auth/login/ → 200 | 332.97 ms | User: Anonymous
[API LOG] GET /api/profile/ → 200 | 10.63 ms | User: Mahmoud Saeed
[API LOG] GET /api/projects/my/ → 200 | 7.33 ms | User: Mahmoud Saeed
[API LOG] GET /api/profile/ → 200 | 94.53 ms | User: Mahmoud Saeed
[API LOG] GET /api/projects/my/ → 200 | 20.06 ms | User: Mahmoud Saeed
[API LOG] GET /api/programmers/ → 200 | 52.62 ms | User: Anonymous
[API LOG] GET /api/programmers/ → 200 | 20.46 ms | User: Anonymous
[API LOG] GET /api/programmers/ → 200 | 35.46 ms | User: Anonymous
[API LOG] GET /api/programmers/ → 200 | 28.11 ms | User: Anonymous
[API LOG] POST /api/auth/login/ → 200 | 816.83 ms | User: Anonymous
[API LOG] GET /api/profile/ → 200 | 6.25 ms | User: Hamze Ahmed
[API LOG] GET /api/projects/my/ → 200 | 11.16 ms | User: Hamze Ahmed
[API LOG] POST /api/auth/login/ → 415 | 1.59 ms | User: Anonymous
[API LOG] GET /api/ → 404 | 16.52 ms | User: Anonymous
[API LOG] POST /api/auth/login/ → 400 | 0.69 ms | User: Anonymous
[API LOG] POST /api/auth/login/ → 200 | 864.34 ms | User: Anonymous
[API LOG] GET /api/projects/13/commits/ → 404 | 3.83 ms | User: Hamze Ahmed
[API LOG] GET /api/projects/14/commits/ → 404 | 3.35 ms | User: Hamze Ahmed
[API LOG] GET /api/projects/1/commits/ → 404 | 3.93 ms | User: Hamze Ahmed
[API LOG] GET /api/projects/4/commits/ → 404 | 3.14 ms | User: Hamze Ahmed
[API LOG] GET /api/projects/14/commits/ → 404 | 4.19 ms | User: Hamze Ahmed
[API LOG] GET /api/projects/13/commits/ → 404 | 3.59 ms | User: Hamze Ahmed
[API LOG] GET /api/projects/14/commits/ → 404 | 2.91 ms | User: Hamze Ahmed
[API LOG] GET /api/projects/14/https://github.com/MO-FA-EK/Graduation1/ → 404 | 8.6 ms | User: Anonymous
[API LOG] GET /api/projects/14/commits/ → 404 | 2.8 ms | User: Hamze Ahmed
[API LOG] POST /api/projects/14/https://github.com/MO-FA-EK/Graduation1/ → 404 | 7.25 ms | User: Anonymous
[API LOG] POST /api/projects/14/link-github/ → 404 | 3.26 ms | User: Hamze Ahmed
[API LOG] POST /api/auth/login/ → 200 | 836.47 ms | User: Anonymous
[API LOG] GET /api/projects/15/commits/ → 404 | 4.08 ms | User: Hamze Ahmed
[API LOG] GET /api/projects/14/commits/ → 404 | 2.98 ms | User: Hamze Ahmed
[API LOG] GET /api/profile/ → 401 | 0.61 ms | User: Anonymous
[API LOG] POST /api/auth/login/ → 200 | 879.9 ms | User: Anonymous
[API LOG] GET /api/profile/ → 200 | 5.23 ms | User: Hamze Ahmed
[API LOG] GET /api/projects/my/ → 200 | 5.1 ms | User: Hamze Ahmed
[API LOG] GET /api/programmers/ → 200 | 29.6 ms | User: Anonymous
[API LOG] GET /api/profile/ → 200 | 8.01 ms | User: Hamze Ahmed
[API LOG] GET /api/projects/my/ → 200 | 6.43 ms | User: Hamze Ahmed
[API LOG] POST /api/auth/login/ → 200 | 799.34 ms | User: Anonymous
[API LOG] GET /api/admin/messages/ → 200 | 17.86 ms | User: new_admin
[API LOG] GET /api/admin/projects/ → 200 | 33.58 ms | User: new_admin
[API LOG] GET /api/admin/users/ → 200 | 79.43 ms | User: new_admin
[API LOG] POST /api/auth/register/ → 400 | 4.56 ms | User: Anonymous
[API LOG] POST /api/auth/register/ → 400 | 8.81 ms | User: Anonymous
[API LOG] POST /api/auth/register/ → 201 | 889.52 ms | User: Anonymous
[API LOG] POST /api/auth/login/ → 200 | 793.79 ms | User: Anonymous
[API LOG] GET /api/profile/ → 200 | 3.87 ms | User: Warda
[API LOG] GET /api/projects/my/ → 200 | 7.12 ms | User: Warda
[API LOG] GET /api/programmers/ → 200 | 36.47 ms | User: Anonymous
[API LOG] GET /api/programmers/4/ → 200 | 5.48 ms | User: Anonymous
[API LOG] POST /api/programmers/4/view/ → 200 | 8.18 ms | User: Anonymous
[API LOG] POST /api/projects/create/4/ → 201 | 13.94 ms | User: Warda
[API LOG] GET /api/profile/ → 200 | 6.78 ms | User: Warda
[API LOG] GET /api/projects/my/ → 200 | 13.62 ms | User: Warda
[API LOG] POST /api/auth/login/ → 200 | 811.49 ms | User: Anonymous
[API LOG] GET /api/profile/ → 200 | 9.47 ms | User: Hamze Ahmed
[API LOG] GET /api/projects/my/ → 200 | 6.62 ms | User: Hamze Ahmed
[API LOG] POST /api/projects/13/accept/ → 200 | 20.6 ms | User: Hamze Ahmed
[API LOG] GET /api/projects/my/ → 200 | 40.9 ms | User: Hamze Ahmed
[API LOG] GET /api/projects/my/ → 200 | 6.91 ms | User: Hamze Ahmed
[API LOG] GET /api/projects/14/link-github/ → 405 | 2.12 ms | User: Hamze Ahmed
[API LOG] POST /api/projects/14/link-github/ → 404 | 4.01 ms | User: Hamze Ahmed
[API LOG] POST /api/projects/13/link-github/ → 403 | 3.14 ms | User: Hamze Ahmed
[API LOG] POST /api/projects/13/link-github/ → 403 | 3.15 ms | User: Hamze Ahmed
[API LOG] POST /api/projects/13/link-github/ → 403 | 4.07 ms | User: Hamze Ahmed
[API LOG] GET /api/profile/ → 200 | 16.56 ms | User: Hamze Ahmed
[API LOG] GET /api/projects/my/ → 200 | 8.67 ms | User: Hamze Ahmed
[API LOG] GET /admin/ → 302 | 24.37 ms | User: Anonymous
[API LOG] GET /admin/login/?next=/admin/ → 200 | 20.88 ms | User: Anonymous
[API LOG] POST /api/auth/login/ → 200 | 788.86 ms | User: Anonymous
[API LOG] GET /api/admin/messages/ → 200 | 9.5 ms | User: new_admin
[API LOG] GET /api/admin/projects/ → 200 | 35.76 ms | User: new_admin
[API LOG] GET /api/admin/users/ → 200 | 74.76 ms | User: new_admin
[API LOG] GET /api/projects/my/ → 200 | 8.05 ms | User: Hamze Ahmed
[API LOG] PATCH /api/projects/13/link-github/ → 405 | 2.45 ms | User: Hamze Ahmed
[API LOG] PUT /api/projects/13/link-github/ → 405 | 2.11 ms | User: Hamze Ahmed
[API LOG] POST /api/projects/13/link-github/ → 403 | 3.73 ms | User: Hamze Ahmed
[API LOG] POST /api/projects/13/link-github/ → 403 | 2.89 ms | User: Hamze Ahmed
[API LOG] GET /api/profile/ → 200 | 4.25 ms | User: Hamze Ahmed
[API LOG] GET /api/projects/13/commits/ → 500 | 35.5 ms | User: Hamze Ahmed
[API LOG] POST /api/projects/13/link-github/ → 401 | 0.7 ms | User: Anonymous
[API LOG] POST /api/projects/13/link-github/ → 403 | 3.38 ms | User: Hamze Ahmed
[API LOG] POST /api/auth/login/ → 200 | 767.17 ms | User: Anonymous
[API LOG] GET /api/profile/ → 200 | 10.13 ms | User: Hamze Ahmed
[API LOG] GET /api/projects/my/ → 200 | 10.27 ms | User: Hamze Ahmed
[API LOG] PATCH /api/projects/13/update/ → 200 | 91.14 ms | User: Hamze Ahmed
[API LOG] GET /api/projects/my/ → 200 | 7.25 ms | User: Hamze Ahmed
[API LOG] POST /api/auth/login/ → 200 | 922.66 ms | User: Anonymous
[API LOG] GET /api/profile/ → 200 | 7.06 ms | User: Warda
[API LOG] GET /api/projects/my/ → 200 | 14.56 ms | User: Warda
[API LOG] POST /api/projects/13/link-github/ → 403 | 3.63 ms | User: Hamze Ahmed
[API LOG] POST /api/auth/login/ → 200 | 793.55 ms | User: Anonymous
[API LOG] GET /api/profile/ → 200 | 6.35 ms | User: Hamze Ahmed
[API LOG] GET /api/projects/my/ → 200 | 6.6 ms | User: Hamze Ahmed
[API LOG] POST /api/auth/login/ → 200 | 826.44 ms | User: Anonymous
[API LOG] GET /api/profile/ → 200 | 3.22 ms | User: Warda
[API LOG] GET /api/projects/my/ → 200 | 8.29 ms | User: Warda
[API LOG] POST /api/auth/login/ → 200 | 891.45 ms | User: Anonymous
[API LOG] GET /api/projects/13/commits/ → 500 | 52.52 ms | User: Warda
[API LOG] GET /api/projects/13/commits/ → 500 | 42.1 ms | User: Warda
[API LOG] GET /api/projects/13/commits/ → 500 | 57.3 ms | User: Warda
[API LOG] POST /api/auth/login/ → 200 | 888.12 ms | User: Anonymous
[API LOG] GET /api/projects/13/commits/ → 500 | 37.31 ms | User: Hamze Ahmed
[API LOG] GET /api/projects/13/commits/ → 500 | 57.5 ms | User: Hamze Ahmed
[API LOG] POST /api/auth/login/ → 200 | 875.5 ms | User: Anonymous
[API LOG] GET /api/projects/13/commits/ → 500 | 35.73 ms | User: Warda
[API LOG] POST /api/auth/login/ → 200 | 901.18 ms | User: Anonymous
[API LOG] POST /api/projects/13/link-github → 404 | 4.99 ms | User: Anonymous
[API LOG] POST /api/projects/13/link-github/ → 403 | 3.85 ms | User: Hamze Ahmed
[API LOG] POST /api/auth/login/ → 200 | 810.68 ms | User: Anonymous
[API LOG] POST /api/auth/login/ → 200 | 882.59 ms | User: Anonymous
[API LOG] GET /api/profile/ → 200 | 3.42 ms | User: Warda
[API LOG] GET /api/projects/13/commits/ → 500 | 41.16 ms | User: Warda
[API LOG] POST /api/auth/login/ → 200 | 939.12 ms | User: Anonymous
[API LOG] GET /api/projects/13/commits/ → 500 | 39.73 ms | User: Hamze Ahmed
[API LOG] GET /api/projects/my/ → 200 | 8.07 ms | User: Hamze Ahmed
[API LOG] POST /api/auth/login/ → 200 | 850.64 ms | User: Anonymous
[API LOG] GET /api/profile/ → 200 | 3.13 ms | User: Warda
[API LOG] GET /api/projects/my/ → 200 | 7.25 ms | User: Warda
[API LOG] POST /api/auth/login/ → 200 | 827.81 ms | User: Anonymous
[API LOG] GET /api/admin/messages/ → 200 | 19.57 ms | User: new_admin
[API LOG] GET /api/admin/projects/ → 200 | 59.3 ms | User: new_admin
[API LOG] GET /api/admin/users/ → 200 | 89.75 ms | User: new_admin
[API LOG] GET /api/programmers/ → 200 | 31.59 ms | User: Anonymous
[API LOG] GET /api/programmers/1/ → 200 | 6.75 ms | User: Anonymous
[API LOG] POST /api/programmers/1/view/ → 200 | 7.74 ms | User: Anonymous
[API LOG] GET /api/programmers/ → 200 | 34.32 ms | User: Anonymous
[API LOG] GET /api/programmers/ → 200 | 22.9 ms | User: Anonymous
[API LOG] GET /api/programmers/ → 200 | 63.58 ms | User: Anonymous
[API LOG] POST /api/ai/chat/ → 401 | 8.46 ms | User: Anonymous
[API LOG] POST /api/ai/chat/ → 401 | 1.07 ms | User: Anonymous
[API LOG] POST /api/ai/chat/ → 503 | 28.44 ms | User: Anonymous
[API LOG] POST /api/ai/chat/ → 503 | 6.16 ms | User: Anonymous
[API LOG] POST /api/ai/chat/ → 503 | 23.23 ms | User: Anonymous
[API LOG] POST /api/ai/chat/ → 503 | 5.67 ms | User: Anonymous
[API LOG] POST /api/ai/chat/ → 503 | 6.57 ms | User: Anonymous
[API LOG] POST /api/ai/chat/ → 503 | 6.31 ms | User: Anonymous
[API LOG] POST /api/ai/chat/ → 503 | 7.08 ms | User: Anonymous
[API LOG] POST /api/ai/chat/ → 503 | 54.58 ms | User: Anonymous
[API LOG] POST /api/ai/chat/ → 503 | 7.2 ms | User: Anonymous
[API LOG] POST /api/ai/chat/ → 500 | 1528.9 ms | User: Anonymous
[API LOG] POST /api/ai/chat/ → 500 | 713.4 ms | User: Anonymous
[API LOG] POST /api/ai/chat/ → 401 | 4.34 ms | User: Anonymous
[API LOG] POST /api/ai/chat/ → 401 | 4.25 ms | User: Anonymous
[API LOG] POST /api/ai/chat/ → 401 | 0.45 ms | User: Anonymous
[API LOG] POST /api/ai/chat/ → 401 | 6.81 ms | User: Anonymous
[API LOG] POST /api/ai/chat/ → 500 | 1239.11 ms | User: Anonymous
[API LOG] POST /api/ai/chat/ → 500 | 1020.41 ms | User: Anonymous
[API LOG] POST /api/ai/chat/ → 500 | 4.83 ms | User: Anonymous
[API LOG] POST /api/ai/chat/ → 500 | 1019.52 ms | User: Anonymous
[API LOG] POST /api/ai/chat/ → 500 | 919.28 ms | User: Anonymous
[API LOG] POST /api/ai/chat/ → 503 | 35.02 ms | User: Anonymous
[API LOG] POST /api/ai/chat/ → 503 | 1168.73 ms | User: Anonymous
[API LOG] POST /api/ai/chat/ → 200 | 1174.47 ms | User: Anonymous
[API LOG] POST /api/ai/chat/ → 200 | 858.06 ms | User: Anonymous
[API LOG] POST /api/ai/chat/ → 200 | 1216.86 ms | User: Anonymous
[API LOG] POST /api/ai/chat/ → 200 | 1220.4 ms | User: Anonymous
[API LOG] POST /api/ai/chat/ → 200 | 897.24 ms | User: Anonymous
[API LOG] POST /api/ai/chat/ → 200 | 1085.7 ms | User: Anonymous
[API LOG] POST /api/ai/chat/ → 200 | 967.06 ms | User: Anonymous
[API LOG] GET /api/programmers/?search=Web → 200 | 11.9 ms | User: Anonymous
[API LOG] GET /api/programmers/ → 200 | 45.54 ms | User: Anonymous
[API LOG] GET /api/programmers/?search=Mobile → 200 | 13.55 ms | User: Anonymous
[API LOG] GET /api/programmers/?search=Design → 200 | 14.49 ms | User: Anonymous
[API LOG] GET /api/programmers/?search=Data → 200 | 9.68 ms | User: Anonymous
[API LOG] GET /api/admin/projects/ → 401 | 70.57 ms | User: Anonymous
[API LOG] GET /api/admin/users/ → 401 | 79.57 ms | User: Anonymous
[API LOG] GET /api/admin/messages/ → 401 | 63.13 ms | User: Anonymous
[API LOG] POST /api/contact/ → 200 | 48.49 ms | User: Anonymous
[API LOG] POST /api/auth/login/ → 200 | 1799.71 ms | User: Anonymous
[API LOG] GET /api/admin/messages/ → 200 | 18.88 ms | User: new_admin
[API LOG] GET /api/admin/projects/ → 200 | 1047.65 ms | User: new_admin
[API LOG] GET /api/admin/users/ → 200 | 1875.44 ms | User: new_admin
[API LOG] GET /api/admin/users/ → 401 | 1.12 ms | User: Anonymous
[API LOG] GET /api/admin/projects/ → 401 | 2.13 ms | User: Anonymous
[API LOG] GET /api/admin/messages/ → 401 | 1.2 ms | User: Anonymous
[API LOG] POST /api/auth/login/ → 200 | 846.13 ms | User: Anonymous
[API LOG] GET /api/admin/messages/ → 200 | 11.64 ms | User: new_admin
[API LOG] GET /api/admin/projects/ → 200 | 37.03 ms | User: new_admin
[API LOG] GET /api/admin/users/ → 200 | 67.99 ms | User: new_admin
[API LOG] GET /api/admin/messages/ → 200 | 21.53 ms | User: new_admin
[API LOG] GET /api/admin/projects/ → 200 | 60.49 ms | User: new_admin
[API LOG] GET /api/admin/users/ → 200 | 95.08 ms | User: new_admin
[API LOG] GET /api/admin/messages/ → 200 | 12.07 ms | User: new_admin
[API LOG] GET /api/admin/projects/ → 200 | 43.76 ms | User: new_admin
[API LOG] GET /api/admin/users/ → 200 | 75.41 ms | User: new_admin
[API LOG] POST /api/auth/login/ → 200 | 870.05 ms | User: Anonymous
[API LOG] GET /api/profile/ → 200 | 13.69 ms | User: Hamze Ahmed
[API LOG] GET /api/projects/my/ → 200 | 15.5 ms | User: Hamze Ahmed
[API LOG] PATCH /api/profile/ → 500 | 301.93 ms | User: Hamze Ahmed
[API LOG] PATCH /api/profile/ → 500 | 132.27 ms | User: Hamze Ahmed
[API LOG] GET /api/programmers/ → 200 | 33.93 ms | User: Anonymous
[API LOG] GET /api/programmers/?search=Hamze%20Ahmed → 200 | 9.06 ms | User: Anonymous
[API LOG] GET /api/programmers/4/ → 200 | 12.13 ms | User: Anonymous
[API LOG] POST /api/programmers/4/view/ → 200 | 38.93 ms | User: Anonymous
[API LOG] GET /api/profile/ → 200 | 6.88 ms | User: Hamze Ahmed
[API LOG] GET /api/projects/my/ → 200 | 10.89 ms | User: Hamze Ahmed
[API LOG] PATCH /api/profile/ → 200 | 129.92 ms | User: Hamze Ahmed
[API LOG] GET /api/programmers/ → 200 | 20.91 ms | User: Anonymous
[API LOG] GET /api/programmers/?search=Hamze%20Ahmed → 200 | 7.41 ms | User: Anonymous
[API LOG] GET /api/programmers/4/ → 200 | 5.43 ms | User: Anonymous
[API LOG] POST /api/programmers/4/view/ → 200 | 18.68 ms | User: Anonymous
[API LOG] GET /api/profile/ → 200 | 7.56 ms | User: Hamze Ahmed
[API LOG] GET /api/projects/my/ → 200 | 9.69 ms | User: Hamze Ahmed
[API LOG] PATCH /api/profile/ → 200 | 90.69 ms | User: Hamze Ahmed
[API LOG] GET /api/programmers/ → 200 | 21.82 ms | User: Anonymous
[API LOG] GET /api/programmers/?search=Hamze%20Ahmed → 200 | 6.32 ms | User: Anonymous
[API LOG] GET /api/programmers/4/ → 200 | 6.78 ms | User: Anonymous
[API LOG] POST /api/programmers/4/view/ → 200 | 20.2 ms | User: Anonymous
[API LOG] GET /api/profile/ → 200 | 16.97 ms | User: Hamze Ahmed
[API LOG] GET /api/projects/my/ → 200 | 11.56 ms | User: Hamze Ahmed
[API LOG] POST /api/auth/login/ → 200 | 919.96 ms | User: Anonymous
[API LOG] GET /api/profile/ → 200 | 4.01 ms | User: Warda
[API LOG] GET /api/projects/my/ → 200 | 8.67 ms | User: Warda
[API LOG] GET /api/projects/13/stats/ → 200 | 870.1 ms | User: Warda
[API LOG] GET /api/programmers/ → 200 | 22.97 ms | User: Anonymous
[API LOG] GET /api/programmers/?search=Hamze%20Ahmed → 200 | 5.97 ms | User: Anonymous
[API LOG] GET /api/programmers/4/ → 200 | 4.79 ms | User: Anonymous
[API LOG] POST /api/programmers/4/view/ → 200 | 23.27 ms | User: Anonymous
[API LOG] GET /api/profile/ → 200 | 6.31 ms | User: Warda
[API LOG] GET /api/projects/my/ → 200 | 10.11 ms | User: Warda
[API LOG] POST /api/projects/payment-intent/13/ → 200 | 757.53 ms | User: Warda
[API LOG] POST /api/auth/login/ → 200 | 893.59 ms | User: Anonymous
[API LOG] GET /api/admin/messages/ → 200 | 21.31 ms | User: new_admin
[API LOG] GET /api/admin/projects/ → 200 | 48.38 ms | User: new_admin
[API LOG] GET /api/admin/users/ → 200 | 92.86 ms | User: new_admin
[API LOG] POST /api/auth/login/ → 200 | 914.14 ms | User: Anonymous
[API LOG] GET /api/profile/ → 200 | 6.87 ms | User: Hamze Ahmed
[API LOG] GET /api/projects/my/ → 200 | 10.88 ms | User: Hamze Ahmed
[API LOG] POST /api/auth/login/ → 200 | 863.9 ms | User: Anonymous
[API LOG] GET /api/admin/messages/ → 200 | 9.58 ms | User: new_admin
[API LOG] GET /api/admin/projects/ → 200 | 33.99 ms | User: new_admin
[API LOG] GET /api/admin/users/ → 200 | 80.81 ms | User: new_admin
[API LOG] GET /api/programmers/ → 200 | 32.25 ms | User: Anonymous
[API LOG] GET /api/programmers/?search=hamze → 200 | 9.89 ms | User: Anonymous
[API LOG] GET /api/programmers/4/ → 200 | 5.54 ms | User: Anonymous
[API LOG] POST /api/programmers/4/view/ → 200 | 9.38 ms | User: Anonymous
[API LOG] GET /api/admin/messages/ → 200 | 23.94 ms | User: new_admin
[API LOG] GET /api/admin/projects/ → 200 | 42.05 ms | User: new_admin
[API LOG] GET /api/admin/users/ → 200 | 84.58 ms | User: new_admin
[API LOG] POST /api/auth/login/ → 200 | 924.28 ms | User: Anonymous
[API LOG] GET /api/profile/ → 200 | 7.18 ms | User: Hamze Ahmed
[API LOG] GET /api/projects/my/ → 200 | 10.2 ms | User: Hamze Ahmed
[API LOG] PATCH /api/profile/ → 500 | 109.91 ms | User: Hamze Ahmed
[API LOG] GET /api/programmers/ → 200 | 20.33 ms | User: Anonymous
[API LOG] GET /api/programmers/?search=hamze → 200 | 5.63 ms | User: Anonymous
[API LOG] GET /api/programmers/4/ → 200 | 3.61 ms | User: Anonymous
[API LOG] POST /api/programmers/4/view/ → 200 | 7.83 ms | User: Anonymous
[API LOG] GET /api/profile/ → 200 | 9.61 ms | User: Hamze Ahmed
[API LOG] GET /api/projects/my/ → 200 | 7.23 ms | User: Hamze Ahmed
[API LOG] PATCH /api/profile/ → 500 | 152.41 ms | User: Hamze Ahmed
[API LOG] PATCH /api/profile/ → 500 | 111.36 ms | User: Hamze Ahmed
[API LOG] GET /api/programmers/ → 200 | 27.09 ms | User: Anonymous
[API LOG] GET /api/programmers/?search=hamze → 200 | 4.13 ms | User: Anonymous
[API LOG] GET /api/programmers/4/ → 200 | 3.67 ms | User: Anonymous
[API LOG] POST /api/programmers/4/view/ → 200 | 70.85 ms | User: Anonymous
[API LOG] GET /api/programmers/ → 200 | 30.19 ms | User: Anonymous
[API LOG] GET /api/programmers/?search=ham → 200 | 12.87 ms | User: Anonymous
[API LOG] GET /api/programmers/4/ → 200 | 4.63 ms | User: Anonymous
[API LOG] POST /api/programmers/4/view/ → 200 | 1115.82 ms | User: Anonymous
[API LOG] GET /api/profile/ → 200 | 6.23 ms | User: Hamze Ahmed
[API LOG] GET /api/projects/my/ → 200 | 11.88 ms | User: Hamze Ahmed
[API LOG] POST /api/auth/login/ → 200 | 898.3 ms | User: Anonymous
[API LOG] GET /api/profile/ → 200 | 4.35 ms | User: Warda
[API LOG] GET /api/projects/my/ → 200 | 7.81 ms | User: Warda
[API LOG] GET /api/programmers/ → 200 | 22.36 ms | User: Anonymous
[API LOG] GET /api/programmers/?search=hamze → 200 | 9.2 ms | User: Anonymous
[API LOG] GET /api/programmers/4/ → 200 | 4.15 ms | User: Anonymous
[API LOG] POST /api/programmers/4/view/ → 200 | 128.28 ms | User: Anonymous
[API LOG] GET /api/profile/ → 200 | 6.54 ms | User: Warda
[API LOG] GET /api/projects/my/ → 200 | 13.69 ms | User: Warda
[API LOG] POST /api/auth/login/ → 200 | 831.78 ms | User: Anonymous
[API LOG] GET /api/admin/messages/ → 200 | 7.86 ms | User: new_admin
[API LOG] GET /api/admin/projects/ → 200 | 35.44 ms | User: new_admin
[API LOG] GET /api/admin/users/ → 200 | 65.94 ms | User: new_admin
[API LOG] GET /api/programmers/ → 200 | 22.27 ms | User: Anonymous
[API LOG] GET /api/programmers/?search=ham → 200 | 17.36 ms | User: Anonymous
[API LOG] GET /api/programmers/4/ → 200 | 9.19 ms | User: Anonymous
[API LOG] POST /api/programmers/4/view/ → 200 | 40.48 ms | User: Anonymous
[API LOG] GET /api/admin/messages/ → 200 | 15.48 ms | User: new_admin
[API LOG] GET /api/admin/projects/ → 200 | 59.61 ms | User: new_admin
[API LOG] GET /api/admin/users/ → 200 | 99.24 ms | User: new_admin
[API LOG] POST /api/auth/login/ → 200 | 871.62 ms | User: Anonymous
[API LOG] GET /api/profile/ → 200 | 7.17 ms | User: Warda
[API LOG] GET /api/projects/my/ → 200 | 10.23 ms | User: Warda
[API LOG] POST /api/projects/payment-intent/13/ → 200 | 504.48 ms | User: Warda
[API LOG] GET /api/programmers/ → 200 | 32.37 ms | User: Anonymous
[API LOG] GET /api/profile/ → 200 | 4.12 ms | User: Warda
[API LOG] GET /api/projects/my/ → 200 | 6.69 ms | User: Warda
[API LOG] POST /api/auth/login/ → 200 | 1353.05 ms | User: Anonymous
[API LOG] GET /api/profile/ → 200 | 11.1 ms | User: Hamze Ahmed
[API LOG] GET /api/projects/my/ → 200 | 13.68 ms | User: Hamze Ahmed
[API LOG] PATCH /api/profile/ → 500 | 156.61 ms | User: Hamze Ahmed
[API LOG] GET /api/programmers/ → 200 | 20.23 ms | User: Anonymous
[API LOG] GET /api/programmers/?search=hamze → 200 | 7.41 ms | User: Anonymous
[API LOG] GET /api/programmers/4/ → 200 | 5.45 ms | User: Anonymous
[API LOG] POST /api/programmers/4/view/ → 200 | 132.04 ms | User: Anonymous
[API LOG] GET /api/profile/ → 200 | 7.58 ms | User: Hamze Ahmed
[API LOG] GET /api/projects/my/ → 200 | 10.17 ms | User: Hamze Ahmed
[API LOG] PATCH /api/profile/ → 200 | 22.98 ms | User: Hamze Ahmed
[API LOG] GET /api/programmers/ → 200 | 31.44 ms | User: Anonymous
[API LOG] GET /api/programmers/?search=hamze → 200 | 4.86 ms | User: Anonymous
[API LOG] GET /api/programmers/4/ → 200 | 3.34 ms | User: Anonymous
[API LOG] POST /api/programmers/4/view/ → 200 | 5.93 ms | User: Anonymous
[API LOG] GET /api/profile/ → 200 | 5.54 ms | User: Hamze Ahmed
[API LOG] GET /api/projects/my/ → 200 | 10.91 ms | User: Hamze Ahmed
[API LOG] PATCH /api/profile/ → 500 | 218.93 ms | User: Hamze Ahmed
[API LOG] POST /api/auth/login/ → 200 | 848.16 ms | User: Anonymous
[API LOG] GET /api/profile/ → 200 | 5.96 ms | User: Warda
[API LOG] GET /api/projects/my/ → 200 | 11.12 ms | User: Warda
[API LOG] GET /api/programmers/ → 200 | 22.34 ms | User: Anonymous
[API LOG] GET /api/programmers/?search=hamze → 200 | 6.42 ms | User: Anonymous
[API LOG] GET /api/programmers/4/ → 200 | 5.41 ms | User: Anonymous
[API LOG] POST /api/programmers/4/view/ → 200 | 58.87 ms | User: Anonymous
[API LOG] POST /api/programmers/4/contact/ → 200 | 0.75 ms | User: Anonymous
[API LOG] GET /api/profile/ → 200 | 5.87 ms | User: Warda
[API LOG] GET /api/projects/my/ → 200 | 9.7 ms | User: Warda
[API LOG] POST /api/auth/login/ → 200 | 803.85 ms | User: Anonymous
[API LOG] GET /api/profile/ → 200 | 6.21 ms | User: Hamze Ahmed
[API LOG] GET /api/projects/my/ → 200 | 9.31 ms | User: Hamze Ahmed
[API LOG] PATCH /api/profile/ → 500 | 87.39 ms | User: Hamze Ahmed
[API LOG] GET /api/programmers/ → 200 | 20.47 ms | User: Anonymous
[API LOG] GET /api/programmers/?search=hamze → 200 | 5.67 ms | User: Anonymous
[API LOG] GET /api/programmers/4/ → 200 | 5.66 ms | User: Anonymous
[API LOG] POST /api/programmers/4/view/ → 200 | 7.05 ms | User: Anonymous
[API LOG] GET /api/profile/ → 200 | 4.95 ms | User: Hamze Ahmed
[API LOG] GET /api/projects/my/ → 200 | 11.29 ms | User: Hamze Ahmed
[API LOG] GET /api/profile/ → 401 | 76.97 ms | User: Anonymous
[API LOG] POST /api/auth/login/ → 200 | 1333.32 ms | User: Anonymous
[API LOG] GET /api/profile/ → 200 | 13.71 ms | User: Amer
[API LOG] GET /api/projects/my/ → 200 | 12.82 ms | User: Amer
[API LOG] GET /api/profile/ → 500 | 249.24 ms | User: Amer
[API LOG] POST /api/auth/login/ → 200 | 1147.73 ms | User: Anonymous
[API LOG] GET /api/profile/ → 500 | 125.29 ms | User: Amer
[API LOG] POST /api/auth/login/ → 200 | 1212.76 ms | User: Anonymous
[API LOG] GET /api/profile/ → 500 | 120.03 ms | User: Amer
[API LOG] POST /api/auth/login/ → 200 | 1150.84 ms | User: Anonymous
[API LOG] GET /api/profile/ → 500 | 106.55 ms | User: Amer
[API LOG] POST /api/auth/login/ → 200 | 1267.39 ms | User: Anonymous
[API LOG] GET /api/profile/ → 200 | 21.13 ms | User: Amer
[API LOG] GET /api/projects/my/ → 200 | 18.41 ms | User: Amer
[API LOG] PATCH /api/profile/ → 500 | 145.01 ms | User: Amer
[API LOG] GET /api/programmers/ → 200 | 35.6 ms | User: Anonymous
[API LOG] GET /api/programmers/1/ → 200 | 7.13 ms | User: Anonymous
[API LOG] POST /api/programmers/1/view/ → 200 | 10.32 ms | User: Anonymous
[API LOG] GET /api/profile/ → 200 | 15.54 ms | User: Amer
[API LOG] GET /api/projects/my/ → 200 | 13.4 ms | User: Amer
[API LOG] PATCH /api/profile/ → 500 | 231.94 ms | User: Amer
[API LOG] PATCH /api/profile/ → 500 | 125.02 ms | User: Amer
[API LOG] GET /api/profile/ → 200 | 52.92 ms | User: Amer
[API LOG] GET /api/projects/my/ → 200 | 13.9 ms | User: Amer
[API LOG] PATCH /api/profile/ → 500 | 148.67 ms | User: Amer
[API LOG] PATCH /api/profile/ → 200 | 57.95 ms | User: Amer
[API LOG] PATCH /api/profile/ → 200 | 35.14 ms | User: Amer
[API LOG] GET /api/profile/ → 200 | 121.37 ms | User: Amer
[API LOG] GET /api/projects/my/ → 200 | 33.42 ms | User: Amer
[API LOG] PATCH /api/profile/ → 200 | 84.33 ms | User: Amer
[API LOG] PATCH /api/profile/ → 200 | 50.09 ms | User: Amer
[API LOG] GET /api/admin/projects/ → 401 | 99.44 ms | User: Anonymous
[API LOG] GET /api/admin/users/ → 401 | 106.22 ms | User: Anonymous
[API LOG] GET /api/admin/messages/ → 401 | 98.37 ms | User: Anonymous
[API LOG] POST /api/auth/login/ → 200 | 1598.34 ms | User: Anonymous
[API LOG] GET /api/profile/ → 200 | 11.64 ms | User: Hamze Ahmed
[API LOG] GET /api/projects/my/ → 200 | 48.66 ms | User: Hamze Ahmed
[API LOG] PATCH /api/profile/ → 200 | 120.97 ms | User: Hamze Ahmed
[API LOG] GET /api/programmers/ → 200 | 74.01 ms | User: Anonymous
[API LOG] GET /api/programmers/?search=ha → 200 | 22.43 ms | User: Anonymous
[API LOG] GET /api/programmers/4/ → 200 | 24.29 ms | User: Anonymous
[API LOG] POST /api/programmers/4/view/ → 200 | 115.7 ms | User: Anonymous
[API LOG] GET /api/profile/ → 200 | 20.58 ms | User: Hamze Ahmed
[API LOG] GET /api/projects/my/ → 200 | 23.67 ms | User: Hamze Ahmed
[API LOG] PATCH /api/profile/ → 200 | 320.95 ms | User: Hamze Ahmed
[API LOG] GET /api/programmers/ → 200 | 46.83 ms | User: Anonymous
[API LOG] GET /api/programmers/?search=ham → 200 | 9.65 ms | User: Anonymous
[API LOG] GET /api/programmers/4/ → 200 | 12.96 ms | User: Anonymous
[API LOG] POST /api/programmers/4/view/ → 200 | 64.57 ms | User: Anonymous
[API LOG] GET /api/programmers/?search=ham → 200 | 8.25 ms | User: Anonymous
[API LOG] GET /api/profile/ → 200 | 8.04 ms | User: Hamze Ahmed
[API LOG] GET /api/projects/my/ → 200 | 20.68 ms | User: Hamze Ahmed
[API LOG] POST /api/auth/login/ → 200 | 1300.23 ms | User: Anonymous
[API LOG] GET /api/profile/ → 200 | 6.5 ms | User: Warda
[API LOG] GET /api/projects/my/ → 200 | 22.75 ms | User: Warda
[API LOG] GET /api/programmers/ → 200 | 24.67 ms | User: Anonymous
[API LOG] GET /api/programmers/?search=ham → 200 | 14.56 ms | User: Anonymous
[API LOG] GET /api/programmers/4/ → 200 | 6.43 ms | User: Anonymous
[API LOG] POST /api/programmers/4/view/ → 200 | 41.03 ms | User: Anonymous
[API LOG] GET /api/profile/ → 200 | 26.79 ms | User: Warda
[API LOG] GET /api/projects/my/ → 200 | 19.78 ms | User: Warda
[API LOG] POST /api/auth/login/ → 200 | 1502.43 ms | User: Anonymous
[API LOG] GET /api/profile/ → 200 | 18.09 ms | User: Hamze Ahmed
[API LOG] GET /api/projects/my/ → 200 | 30.24 ms | User: Hamze Ahmed
[API LOG] GET /api/programmers/?search=ha → 200 | 12.85 ms | User: Anonymous
[API LOG] GET /api/programmers/4/ → 200 | 10.16 ms | User: Anonymous
[API LOG] POST /api/programmers/4/view/ → 200 | 16.18 ms | User: Anonymous
[API LOG] GET /api/profile/ → 200 | 16.76 ms | User: Hamze Ahmed
[API LOG] GET /api/projects/my/ → 200 | 19.67 ms | User: Hamze Ahmed
[API LOG] PATCH /api/profile/ → 200 | 28.04 ms | User: Hamze Ahmed
[API LOG] GET /api/programmers/ → 200 | 29.82 ms | User: Anonymous
[API LOG] GET /api/programmers/?search=ha → 200 | 20.96 ms | User: Anonymous
[API LOG] GET /api/programmers/4/ → 200 | 13.13 ms | User: Anonymous
[API LOG] POST /api/programmers/4/view/ → 200 | 17.41 ms | User: Anonymous
[API LOG] GET /api/profile/ → 200 | 14.1 ms | User: Hamze Ahmed
[API LOG] GET /api/projects/my/ → 200 | 23.92 ms | User: Hamze Ahmed
[API LOG] PATCH /api/profile/ → 200 | 305.41 ms | User: Hamze Ahmed
[API LOG] GET /api/programmers/ → 200 | 37.55 ms | User: Anonymous
[API LOG] GET /api/programmers/?search=hamze → 200 | 20.6 ms | User: Anonymous
[API LOG] GET /api/programmers/4/ → 200 | 14.0 ms | User: Anonymous
[API LOG] POST /api/programmers/4/view/ → 200 | 30.16 ms | User: Anonymous
[API LOG] GET /api/profile/ → 200 | 18.38 ms | User: Hamze Ahmed
[API LOG] GET /api/projects/my/ → 200 | 21.84 ms | User: Hamze Ahmed
[API LOG] PATCH /api/profile/ → 200 | 110.45 ms | User: Hamze Ahmed
[API LOG] GET /api/programmers/ → 200 | 41.54 ms | User: Anonymous
[API LOG] GET /api/programmers/?search=hamze → 200 | 10.84 ms | User: Anonymous
[API LOG] GET /api/programmers/4/ → 200 | 5.62 ms | User: Anonymous
[API LOG] POST /api/programmers/4/view/ → 200 | 128.38 ms | User: Anonymous
[API LOG] GET /api/profile/ → 200 | 29.61 ms | User: Hamze Ahmed
[API LOG] GET /api/projects/my/ → 200 | 35.29 ms | User: Hamze Ahmed
[API LOG] PATCH /api/profile/ → 200 | 113.64 ms | User: Hamze Ahmed
[API LOG] GET /api/programmers/ → 200 | 34.77 ms | User: Anonymous
[API LOG] GET /api/programmers/?search=hamze → 200 | 9.75 ms | User: Anonymous
[API LOG] GET /api/programmers/4/ → 200 | 15.01 ms | User: Anonymous
[API LOG] POST /api/programmers/4/view/ → 200 | 81.4 ms | User: Anonymous
[API LOG] GET /api/profile/ → 200 | 14.91 ms | User: Hamze Ahmed
[API LOG] GET /api/projects/my/ → 200 | 16.57 ms | User: Hamze Ahmed
[API LOG] PATCH /api/profile/ → 200 | 82.5 ms | User: Hamze Ahmed
[API LOG] GET /api/programmers/ → 200 | 51.02 ms | User: Anonymous
[API LOG] GET /api/programmers/?search=hamze → 200 | 25.22 ms | User: Anonymous
[API LOG] GET /api/programmers/4/ → 200 | 8.64 ms | User: Anonymous
[API LOG] POST /api/programmers/4/view/ → 200 | 28.14 ms | User: Anonymous
[API LOG] POST /api/ai/chat/ → 200 | 1.02 ms | User: Anonymous
[API LOG] POST /api/ai/chat/ → 200 | 2.8 ms | User: Anonymous
[API LOG] POST /api/ai/chat/ → 200 | 1.39 ms | User: Anonymous
[API LOG] POST /api/ai/chat/ → 200 | 3.32 ms | User: Anonymous
[API LOG] POST /api/auth/login/ → 200 | 786.26 ms | User: Anonymous
[API LOG] GET /api/profile/ → 200 | 16.02 ms | User: Hamze Ahmed
[API LOG] GET /api/projects/my/ → 200 | 12.03 ms | User: Hamze Ahmed
[API LOG] GET /api/programmers/ → 200 | 21.03 ms | User: Anonymous
[API LOG] GET /api/programmers/?search=hamze → 200 | 5.55 ms | User: Anonymous
[API LOG] GET /api/programmers/4/ → 200 | 5.63 ms | User: Anonymous
[API LOG] POST /api/programmers/4/view/ → 200 | 7.44 ms | User: Anonymous
[API LOG] POST /api/programmers/4/rate/ → 200 | 48.93 ms | User: Hamze Ahmed
[API LOG] GET /api/profile/ → 200 | 6.0 ms | User: Hamze Ahmed
[API LOG] GET /api/projects/my/ → 200 | 8.05 ms | User: Hamze Ahmed
[API LOG] POST /api/auth/login/ → 200 | 775.44 ms | User: Anonymous
[API LOG] GET /api/profile/ → 200 | 4.29 ms | User: Warda
[API LOG] GET /api/projects/my/ → 200 | 9.38 ms | User: Warda
[API LOG] GET /api/programmers/ → 200 | 21.13 ms | User: Anonymous
[API LOG] GET /api/programmers/?search=hamze → 200 | 12.12 ms | User: Anonymous
[API LOG] GET /api/programmers/4/ → 200 | 5.3 ms | User: Anonymous
[API LOG] POST /api/programmers/4/view/ → 200 | 7.49 ms | User: Anonymous
[API LOG] POST /api/programmers/4/rate/ → 200 | 39.53 ms | User: Warda
[API LOG] GET /api/programmers/4/ → 200 | 6.86 ms | User: Anonymous
[API LOG] POST /api/programmers/4/view/ → 200 | 15.11 ms | User: Anonymous
[API LOG] POST /api/programmers/4/rate/ → 200 | 40.62 ms | User: Warda
[API LOG] GET /api/programmers/4/ → 200 | 5.66 ms | User: Anonymous
[API LOG] POST /api/programmers/4/view/ → 200 | 9.57 ms | User: Anonymous
[API LOG] POST /api/programmers/4/contact/ → 200 | 0.78 ms | User: Anonymous
[API LOG] GET /api/profile/ → 200 | 12.35 ms | User: Warda
[API LOG] GET /api/projects/my/ → 200 | 10.84 ms | User: Warda
[API LOG] POST /api/auth/login/ → 200 | 764.64 ms | User: Anonymous
[API LOG] GET /api/profile/ → 200 | 6.78 ms | User: Hamze Ahmed
[API LOG] GET /api/projects/my/ → 200 | 8.91 ms | User: Hamze Ahmed
[API LOG] PUT /api/auth/change-password/ → 200 | 1446.36 ms | User: Hamze Ahmed
[API LOG] PUT /api/auth/change-password/ → 400 | 747.08 ms | User: Hamze Ahmed
[API LOG] PUT /api/auth/change-password/ → 400 | 1168.0 ms | User: Hamze Ahmed
[API LOG] PUT /api/auth/change-password/ → 400 | 1168.32 ms | User: Hamze Ahmed
[API LOG] PUT /api/auth/change-password/ → 400 | 1196.02 ms | User: Hamze Ahmed
[API LOG] PUT /api/auth/change-password/ → 400 | 1474.59 ms | User: Hamze Ahmed
[API LOG] PUT /api/auth/change-password/ → 400 | 1386.5 ms | User: Hamze Ahmed
[API LOG] PUT /api/auth/change-password/ → 400 | 818.09 ms | User: Hamze Ahmed
[API LOG] PUT /api/auth/change-password/ → 400 | 1036.49 ms | User: Hamze Ahmed
[API LOG] PUT /api/auth/change-password/ → 400 | 2213.94 ms | User: Hamze Ahmed
[API LOG] PUT /api/auth/change-password/ → 400 | 2672.7 ms | User: Hamze Ahmed
[API LOG] PUT /api/auth/change-password/ → 400 | 1922.79 ms | User: Hamze Ahmed
[API LOG] PUT /api/auth/change-password/ → 400 | 3070.11 ms | User: Hamze Ahmed
[API LOG] PUT /api/auth/change-password/ → 400 | 2836.03 ms | User: Hamze Ahmed
[API LOG] PUT /api/auth/change-password/ → 400 | 3416.7 ms | User: Hamze Ahmed
[API LOG] PUT /api/auth/change-password/ → 400 | 2921.84 ms | User: Hamze Ahmed
[API LOG] PUT /api/auth/change-password/ → 400 | 3943.36 ms | User: Hamze Ahmed
[API LOG] PUT /api/auth/change-password/ → 400 | 4063.91 ms | User: Hamze Ahmed
[API LOG] PUT /api/auth/change-password/ → 400 | 3534.01 ms | User: Hamze Ahmed
[API LOG] PUT /api/auth/change-password/ → 400 | 3633.24 ms | User: Hamze Ahmed
[API LOG] PUT /api/auth/change-password/ → 400 | 3830.86 ms | User: Hamze Ahmed
[API LOG] PUT /api/auth/change-password/ → 400 | 3150.95 ms | User: Hamze Ahmed
[API LOG] PUT /api/auth/change-password/ → 400 | 3745.93 ms | User: Hamze Ahmed
[API LOG] PUT /api/auth/change-password/ → 400 | 3055.12 ms | User: Hamze Ahmed
[API LOG] PUT /api/auth/change-password/ → 400 | 3424.59 ms | User: Hamze Ahmed
[API LOG] PUT /api/auth/change-password/ → 400 | 2508.85 ms | User: Hamze Ahmed
[API LOG] PUT /api/auth/change-password/ → 400 | 2366.71 ms | User: Hamze Ahmed
[API LOG] PUT /api/auth/change-password/ → 400 | 1915.53 ms | User: Hamze Ahmed
[API LOG] PUT /api/auth/change-password/ → 400 | 1679.86 ms | User: Hamze Ahmed
[API LOG] POST /api/auth/login/ → 200 | 770.1 ms | User: Anonymous
[API LOG] GET /api/profile/ → 200 | 4.61 ms | User: Hamze Ahmed
[API LOG] GET /api/projects/my/ → 200 | 9.48 ms | User: Hamze Ahmed
[API LOG] POST /api/auth/login/ → 401 | 769.06 ms | User: Anonymous
[API LOG] POST /api/auth/login/ → 200 | 763.96 ms | User: Anonymous
[API LOG] GET /api/profile/ → 200 | 4.97 ms | User: Hamze Ahmed
[API LOG] GET /api/projects/my/ → 200 | 7.97 ms | User: Hamze Ahmed
[API LOG] POST /api/projects/13/complete/ → 200 | 14.89 ms | User: Hamze Ahmed
[API LOG] GET /api/projects/my/ → 200 | 9.0 ms | User: Hamze Ahmed
[API LOG] POST /api/auth/login/ → 200 | 757.21 ms | User: Anonymous
[API LOG] GET /api/profile/ → 200 | 4.31 ms | User: Warda
[API LOG] GET /api/projects/my/ → 200 | 9.13 ms | User: Warda
[API LOG] GET /api/projects/13/stats/ → 200 | 911.22 ms | User: Warda
[API LOG] POST /api/projects/payment-intent/13/ → 200 | 834.89 ms | User: Warda
[API LOG] POST /api/projects/13/confirm-payment/ → 200 | 16.77 ms | User: Warda
[API LOG] GET /api/projects/my/ → 200 | 12.51 ms | User: Warda
[API LOG] POST /api/auth/login/ → 200 | 763.6 ms | User: Anonymous
[API LOG] GET /api/profile/ → 200 | 6.09 ms | User: Hamze Ahmed
[API LOG] GET /api/projects/my/ → 200 | 6.33 ms | User: Hamze Ahmed
[API LOG] POST /api/auth/login/ → 200 | 798.0 ms | User: Anonymous
[API LOG] GET /api/profile/ → 200 | 4.57 ms | User: Warda
[API LOG] GET /api/projects/my/ → 200 | 10.68 ms | User: Warda
[API LOG] GET /api/programmers/ → 200 | 21.24 ms | User: Anonymous
[API LOG] GET /api/programmers/?search=Hamze%20Ahmed → 200 | 9.6 ms | User: Anonymous
[API LOG] GET /api/programmers/4/ → 200 | 3.79 ms | User: Anonymous
[API LOG] POST /api/programmers/4/view/ → 200 | 8.0 ms | User: Anonymous
[API LOG] POST /api/projects/create/4/ → 201 | 15.1 ms | User: Warda
[API LOG] GET /api/profile/ → 200 | 6.73 ms | User: Warda
[API LOG] GET /api/projects/my/ → 200 | 9.0 ms | User: Warda
[API LOG] POST /api/auth/login/ → 401 | 785.65 ms | User: Anonymous
[API LOG] POST /api/auth/login/ → 200 | 723.5 ms | User: Anonymous
[API LOG] GET /api/profile/ → 200 | 7.36 ms | User: Hamze Ahmed
[API LOG] GET /api/projects/my/ → 200 | 9.83 ms | User: Hamze Ahmed
[API LOG] POST /api/auth/login/ → 200 | 744.28 ms | User: Anonymous
[API LOG] GET /api/profile/ → 200 | 5.46 ms | User: Warda
[API LOG] GET /api/projects/my/ → 200 | 10.44 ms | User: Warda
[API LOG] POST /api/auth/login/ → 200 | 743.71 ms | User: Anonymous
[API LOG] GET /api/profile/ → 200 | 6.95 ms | User: Hamze Ahmed
[API LOG] GET /api/projects/my/ → 200 | 9.49 ms | User: Hamze Ahmed
[API LOG] POST /api/projects/14/accept/ → 200 | 11.44 ms | User: Hamze Ahmed
[API LOG] GET /api/projects/my/ → 200 | 13.23 ms | User: Hamze Ahmed
[API LOG] POST /api/auth/login/ → 200 | 764.03 ms | User: Anonymous
[API LOG] GET /api/profile/ → 200 | 6.82 ms | User: Warda
[API LOG] GET /api/projects/my/ → 200 | 10.43 ms | User: Warda
[API LOG] POST /api/projects/payment-intent/14/ → 200 | 795.87 ms | User: Warda
[API LOG] POST /api/projects/14/confirm-payment/ → 200 | 16.1 ms | User: Warda
[API LOG] GET /api/projects/my/ → 200 | 10.35 ms | User: Warda
[API LOG] POST /api/auth/login/ → 200 | 775.99 ms | User: Anonymous
[API LOG] GET /api/profile/ → 200 | 7.11 ms | User: Hamze Ahmed
[API LOG] GET /api/projects/my/ → 200 | 8.53 ms | User: Hamze Ahmed
[API LOG] POST /api/projects/14/complete/ → 200 | 15.79 ms | User: Hamze Ahmed
[API LOG] GET /api/projects/my/ → 200 | 12.83 ms | User: Hamze Ahmed
[API LOG] POST /api/auth/login/ → 200 | 838.28 ms | User: Anonymous
[API LOG] GET /api/profile/ → 200 | 3.06 ms | User: Warda
[API LOG] GET /api/projects/my/ → 200 | 9.86 ms | User: Warda
[API LOG] GET /api/programmers/ → 200 | 27.17 ms | User: Anonymous
[API LOG] GET /api/programmers/?search=Hamze%20Ahmed → 200 | 16.62 ms | User: Anonymous
[API LOG] GET /api/programmers/4/ → 200 | 6.7 ms | User: Anonymous
[API LOG] POST /api/programmers/4/view/ → 200 | 11.05 ms | User: Anonymous
[API LOG] POST /api/projects/create/4/ → 201 | 24.36 ms | User: Warda
[API LOG] GET /api/profile/ → 200 | 3.11 ms | User: Warda
[API LOG] GET /api/projects/my/ → 200 | 14.86 ms | User: Warda
[API LOG] POST /api/auth/login/ → 200 | 897.28 ms | User: Anonymous
[API LOG] GET /api/profile/ → 200 | 4.57 ms | User: Hamze Ahmed
[API LOG] GET /api/projects/my/ → 200 | 13.57 ms | User: Hamze Ahmed
[API LOG] POST /api/projects/15/accept/ → 200 | 33.19 ms | User: Hamze Ahmed
[API LOG] GET /api/projects/my/ → 200 | 46.67 ms | User: Hamze Ahmed
[API LOG] PATCH /api/projects/15/update/ → 200 | 116.08 ms | User: Hamze Ahmed
[API LOG] POST /api/projects/15/complete/ → 200 | 14.45 ms | User: Hamze Ahmed
[API LOG] GET /api/projects/my/ → 200 | 38.53 ms | User: Hamze Ahmed
[API LOG] POST /api/auth/login/ → 200 | 822.9 ms | User: Anonymous
[API LOG] GET /api/profile/ → 200 | 4.35 ms | User: Warda
[API LOG] GET /api/projects/my/ → 200 | 11.02 ms | User: Warda
[API LOG] POST /api/projects/payment-intent/15/ → 200 | 548.18 ms | User: Warda
[API LOG] POST /api/projects/15/confirm-payment/ → 200 | 21.53 ms | User: Warda
[API LOG] GET /api/projects/my/ → 200 | 14.73 ms | User: Warda
[API LOG] POST /api/auth/login/ → 200 | 802.14 ms | User: Anonymous
[API LOG] GET /api/profile/ → 200 | 7.7 ms | User: Hamze Ahmed
[API LOG] GET /api/projects/my/ → 200 | 13.82 ms | User: Hamze Ahmed
[API LOG] POST /api/auth/login/ → 200 | 916.95 ms | User: Anonymous
[API LOG] GET /api/profile/ → 200 | 4.09 ms | User: Warda
[API LOG] GET /api/projects/my/ → 200 | 15.67 ms | User: Warda
[API LOG] POST /api/auth/login/ → 200 | 828.36 ms | User: Anonymous
[API LOG] GET /api/profile/ → 200 | 3.11 ms | User: Warda
[API LOG] GET /api/projects/my/ → 200 | 12.58 ms | User: Warda
[API LOG] PUT /api/auth/change-password/ → 200 | 5545.67 ms | User: Warda
[API LOG] PUT /api/auth/change-password/ → 200 | 5630.59 ms | User: Warda
[API LOG] PUT /api/auth/change-password/ → 200 | 5525.07 ms | User: Warda
[API LOG] PUT /api/auth/change-password/ → 200 | 6192.14 ms | User: Warda
[API LOG] PUT /api/auth/change-password/ → 200 | 5568.28 ms | User: Warda
[API LOG] PUT /api/auth/change-password/ → 400 | 2004.44 ms | User: Warda
[API LOG] PUT /api/auth/change-password/ → 200 | 7302.9 ms | User: Warda
[API LOG] PUT /api/auth/change-password/ → 200 | 7366.39 ms | User: Warda
[API LOG] PUT /api/auth/change-password/ → 400 | 3149.02 ms | User: Warda
[API LOG] PUT /api/auth/change-password/ → 200 | 9177.53 ms | User: Warda
[API LOG] PUT /api/auth/change-password/ → 400 | 2075.67 ms | User: Warda
[API LOG] PUT /api/auth/change-password/ → 400 | 4032.17 ms | User: Warda
[API LOG] PUT /api/auth/change-password/ → 200 | 8277.76 ms | User: Warda
[API LOG] PUT /api/auth/change-password/ → 400 | 3259.94 ms | User: Warda
[API LOG] PUT /api/auth/change-password/ → 400 | 3051.37 ms | User: Warda
[API LOG] PUT /api/auth/change-password/ → 400 | 2873.76 ms | User: Warda
[API LOG] POST /api/auth/login/ → 200 | 840.24 ms | User: Anonymous
[API LOG] GET /api/profile/ → 200 | 5.98 ms | User: Warda
[API LOG] GET /api/projects/my/ → 200 | 10.31 ms | User: Warda
[API LOG] POST /api/auth/login/ → 401 | 814.55 ms | User: Anonymous
[API LOG] POST /api/auth/login/ → 200 | 866.39 ms | User: Anonymous
[API LOG] GET /api/profile/ → 200 | 4.89 ms | User: Warda
[API LOG] GET /api/projects/my/ → 200 | 16.65 ms | User: Warda
[API LOG] GET /api/programmers/ → 200 | 31.78 ms | User: Anonymous
[API LOG] GET /api/profile/ → 200 | 6.85 ms | User: Warda
[API LOG] GET /api/projects/my/ → 200 | 11.75 ms | User: Warda
[API LOG] POST /api/auth/register/ → 400 | 4.21 ms | User: Anonymous
[API LOG] POST /api/auth/register/ → 500 | 995.79 ms | User: Anonymous
[API LOG] POST /api/auth/register/ → 400 | 9.43 ms | User: Anonymous
[API LOG] POST /api/auth/register/ → 400 | 15.16 ms | User: Anonymous
[API LOG] POST /api/auth/register/ → 400 | 2.9 ms | User: Anonymous
[API LOG] POST /api/auth/register/ → 400 | 7.66 ms | User: Anonymous
[API LOG] POST /api/auth/register/ → 400 | 9.21 ms | User: Anonymous
[API LOG] POST /api/auth/register/ → 400 | 6.86 ms | User: Anonymous
[API LOG] POST /api/auth/register/ → 400 | 9.52 ms | User: Anonymous
[API LOG] POST /api/auth/register/ → 400 | 8.65 ms | User: Anonymous
[API LOG] POST /api/auth/register/ → 400 | 8.75 ms | User: Anonymous
[API LOG] POST /api/auth/register/ → 400 | 8.49 ms | User: Anonymous
[API LOG] POST /api/auth/register/ → 400 | 7.01 ms | User: Anonymous
[API LOG] POST /api/auth/register/ → 400 | 7.17 ms | User: Anonymous
[API LOG] POST /api/auth/register/ → 400 | 5.81 ms | User: Anonymous
[API LOG] POST /api/auth/register/ → 400 | 9.22 ms | User: Anonymous
[API LOG] POST /api/auth/register/ → 400 | 9.2 ms | User: Anonymous
[API LOG] POST /api/auth/register/ → 400 | 10.12 ms | User: Anonymous
[API LOG] POST /api/auth/register/ → 400 | 6.8 ms | User: Anonymous
[API LOG] POST /api/auth/register/ → 400 | 7.16 ms | User: Anonymous
[API LOG] POST /api/auth/register/ → 400 | 5.54 ms | User: Anonymous
[API LOG] POST /api/auth/register/ → 400 | 9.43 ms | User: Anonymous
[API LOG] POST /api/auth/register/ → 400 | 3.1 ms | User: Anonymous
[API LOG] POST /api/auth/register/ → 400 | 10.51 ms | User: Anonymous
[API LOG] POST /api/auth/register/ → 400 | 5.68 ms | User: Anonymous
[API LOG] POST /api/auth/register/ → 400 | 9.43 ms | User: Anonymous
[API LOG] POST /api/auth/register/ → 400 | 16.68 ms | User: Anonymous
[API LOG] POST /api/auth/register/ → 400 | 7.07 ms | User: Anonymous
[API LOG] POST /api/auth/register/ → 400 | 10.29 ms | User: Anonymous
[API LOG] POST /api/auth/register/ → 400 | 6.92 ms | User: Anonymous
[API LOG] POST /api/auth/register/ → 400 | 7.18 ms | User: Anonymous
[API LOG] POST /api/auth/register/ → 400 | 4.77 ms | User: Anonymous
[API LOG] POST /api/auth/register/ → 400 | 10.95 ms | User: Anonymous
[API LOG] POST /api/auth/register/ → 400 | 11.63 ms | User: Anonymous
[API LOG] POST /api/auth/register/ → 400 | 6.28 ms | User: Anonymous
[API LOG] POST /api/auth/register/ → 400 | 11.5 ms | User: Anonymous
[API LOG] POST /api/auth/register/ → 400 | 7.31 ms | User: Anonymous
[API LOG] POST /api/auth/register/ → 400 | 5.44 ms | User: Anonymous
[API LOG] POST /api/auth/register/ → 400 | 10.36 ms | User: Anonymous
[API LOG] POST /api/auth/register/ → 400 | 5.09 ms | User: Anonymous
[API LOG] POST /api/auth/register/ → 400 | 4.99 ms | User: Anonymous
[API LOG] POST /api/auth/register/ → 400 | 6.09 ms | User: Anonymous
[API LOG] POST /api/auth/register/ → 400 | 9.54 ms | User: Anonymous
[API LOG] POST /api/auth/register/ → 400 | 27.26 ms | User: Anonymous
[API LOG] POST /api/auth/register/ → 400 | 7.15 ms | User: Anonymous
[API LOG] POST /api/auth/register/ → 400 | 6.11 ms | User: Anonymous
[API LOG] POST /api/auth/register/ → 400 | 3.72 ms | User: Anonymous
[API LOG] POST /api/auth/register/ → 400 | 6.1 ms | User: Anonymous
[API LOG] POST /api/auth/register/ → 400 | 6.07 ms | User: Anonymous
[API LOG] POST /api/auth/register/ → 400 | 6.71 ms | User: Anonymous
[API LOG] POST /api/auth/register/ → 400 | 6.34 ms | User: Anonymous
[API LOG] POST /api/auth/register/ → 400 | 8.21 ms | User: Anonymous
[API LOG] POST /api/auth/register/ → 400 | 6.55 ms | User: Anonymous
[API LOG] POST /api/auth/register/ → 400 | 4.15 ms | User: Anonymous
[API LOG] POST /api/auth/register/ → 400 | 13.36 ms | User: Anonymous
[API LOG] POST /api/auth/register/ → 400 | 9.71 ms | User: Anonymous
[API LOG] POST /api/auth/register/ → 400 | 9.65 ms | User: Anonymous
[API LOG] POST /api/auth/register/ → 400 | 8.11 ms | User: Anonymous
[API LOG] POST /api/auth/register/ → 400 | 12.65 ms | User: Anonymous
[API LOG] POST /api/auth/register/ → 400 | 7.59 ms | User: Anonymous
[API LOG] POST /api/auth/register/ → 400 | 9.42 ms | User: Anonymous
[API LOG] POST /api/auth/register/ → 400 | 26.97 ms | User: Anonymous
[API LOG] POST /api/auth/register/ → 400 | 3.45 ms | User: Anonymous
[API LOG] POST /api/auth/register/ → 400 | 11.29 ms | User: Anonymous
[API LOG] POST /api/auth/register/ → 400 | 6.65 ms | User: Anonymous
[API LOG] POST /api/auth/register/ → 400 | 4.92 ms | User: Anonymous
[API LOG] POST /api/auth/register/ → 400 | 3.53 ms | User: Anonymous
[API LOG] POST /api/auth/register/ → 400 | 6.59 ms | User: Anonymous
[API LOG] POST /api/auth/register/ → 400 | 4.3 ms | User: Anonymous
[API LOG] POST /api/auth/register/ → 400 | 11.02 ms | User: Anonymous
[API LOG] POST /api/auth/register/ → 400 | 4.62 ms | User: Anonymous
[API LOG] POST /api/auth/register/ → 400 | 11.66 ms | User: Anonymous
[API LOG] POST /api/auth/register/ → 400 | 16.81 ms | User: Anonymous
[API LOG] POST /api/auth/register/ → 400 | 4.96 ms | User: Anonymous
[API LOG] POST /api/auth/register/ → 400 | 3.62 ms | User: Anonymous
[API LOG] POST /api/auth/register/ → 400 | 13.48 ms | User: Anonymous
[API LOG] POST /api/auth/register/ → 400 | 7.32 ms | User: Anonymous
[API LOG] GET /api/programmers/ → 200 | 38.02 ms | User: Anonymous
[API LOG] POST /api/auth/register/ → 400 | 10.86 ms | User: Anonymous
[API LOG] POST /api/auth/register/ → 400 | 7.31 ms | User: Anonymous
[API LOG] POST /api/auth/register/ → 400 | 8.75 ms | User: Anonymous
[API LOG] POST /api/auth/register/ → 400 | 6.14 ms | User: Anonymous
[API LOG] POST /api/auth/login/ → 200 | 877.72 ms | User: Anonymous
[API LOG] GET /api/profile/ → 200 | 4.57 ms | User: Ismaiil
[API LOG] GET /api/projects/my/ → 200 | 5.85 ms | User: Ismaiil
[API LOG] POST /api/auth/login/ → 401 | 859.42 ms | User: Anonymous
[API LOG] POST /api/auth/register/ → 400 | 3.68 ms | User: Anonymous
[API LOG] POST /api/auth/login/ → 401 | 866.15 ms | User: Anonymous
[API LOG] POST /api/auth/register/ → 201 | 811.07 ms | User: Anonymous
[API LOG] POST /api/auth/login/ → 200 | 857.71 ms | User: Anonymous
[API LOG] GET /api/profile/ → 200 | 5.13 ms | User: Luqman
[API LOG] GET /api/projects/my/ → 200 | 5.0 ms | User: Luqman
[API LOG] GET /api/programmers/ → 200 | 30.35 ms | User: Anonymous
[API LOG] GET /api/profile/ → 200 | 3.87 ms | User: Luqman
[API LOG] GET /api/projects/my/ → 200 | 5.87 ms | User: Luqman
[API LOG] GET /api/programmers/ → 200 | 22.18 ms | User: Anonymous
[API LOG] GET /api/profile/ → 200 | 3.71 ms | User: Luqman
[API LOG] GET /api/projects/my/ → 200 | 5.17 ms | User: Luqman
[API LOG] POST /api/auth/login/ → 200 | 891.08 ms | User: Anonymous
[API LOG] GET /api/admin/messages/ → 200 | 16.73 ms | User: new_admin
[API LOG] GET /api/admin/projects/ → 200 | 38.54 ms | User: new_admin
[API LOG] GET /api/admin/users/ → 200 | 83.46 ms | User: new_admin
[API LOG] POST /api/admin/users/35/reset-password/ → 200 | 909.7 ms | User: new_admin
[API LOG] POST /api/auth/login/ → 401 | 827.01 ms | User: Anonymous
[API LOG] POST /api/auth/login/ → 200 | 877.91 ms | User: Anonymous
[API LOG] GET /api/profile/ → 200 | 4.3 ms | User: Ismaiil
[API LOG] GET /api/projects/my/ → 200 | 5.26 ms | User: Ismaiil
[API LOG] POST /api/auth/login/ → 200 | 892.73 ms | User: Anonymous
[API LOG] GET /api/admin/messages/ → 200 | 20.29 ms | User: new_admin
[API LOG] GET /api/admin/projects/ → 200 | 54.93 ms | User: new_admin
[API LOG] GET /api/admin/users/ → 200 | 79.08 ms | User: new_admin
[API LOG] POST /api/admin/users/35/block/ → 200 | 23.58 ms | User: new_admin
[API LOG] GET /api/admin/users/ → 200 | 36.31 ms | User: new_admin
[API LOG] POST /api/auth/login/ → 401 | 855.29 ms | User: Anonymous
[API LOG] POST /api/auth/login/ → 401 | 813.6 ms | User: Anonymous
[API LOG] POST /api/auth/login/ → 200 | 831.27 ms | User: Anonymous
[API LOG] GET /api/admin/messages/ → 200 | 23.97 ms | User: new_admin
[API LOG] GET /api/admin/projects/ → 200 | 49.23 ms | User: new_admin
[API LOG] GET /api/admin/users/ → 200 | 77.96 ms | User: new_admin
[API LOG] POST /api/admin/users/35/unblock/ → 200 | 36.32 ms | User: new_admin
[API LOG] GET /api/admin/users/ → 200 | 51.16 ms | User: new_admin
[API LOG] POST /api/auth/login/ → 200 | 782.75 ms | User: Anonymous
[API LOG] GET /api/profile/ → 200 | 4.67 ms | User: Ismaiil
[API LOG] GET /api/projects/my/ → 200 | 6.25 ms | User: Ismaiil
[API LOG] POST /api/auth/login/ → 200 | 798.04 ms | User: Anonymous
[API LOG] GET /api/admin/messages/ → 200 | 10.97 ms | User: new_admin
[API LOG] GET /api/admin/projects/ → 200 | 47.9 ms | User: new_admin
[API LOG] GET /api/admin/users/ → 200 | 75.06 ms | User: new_admin
[API LOG] POST /api/admin/users/34/block/ → 200 | 41.07 ms | User: new_admin
[API LOG] GET /api/admin/users/ → 200 | 75.85 ms | User: new_admin
[API LOG] POST /api/auth/login/ → 401 | 814.61 ms | User: Anonymous
[API LOG] POST /api/auth/login/ → 401 | 809.62 ms | User: Anonymous
[API LOG] POST /api/auth/login/ → 401 | 812.23 ms | User: Anonymous
[API LOG] POST /api/auth/login/ → 200 | 847.72 ms | User: Anonymous
[API LOG] GET /api/admin/messages/ → 200 | 14.92 ms | User: new_admin
[API LOG] GET /api/admin/projects/ → 200 | 47.81 ms | User: new_admin
[API LOG] GET /api/admin/users/ → 200 | 85.25 ms | User: new_admin
[API LOG] POST /api/admin/users/34/unblock/ → 200 | 34.16 ms | User: new_admin
[API LOG] GET /api/admin/users/ → 200 | 78.49 ms | User: new_admin
[API LOG] POST /api/auth/login/ → 401 | 879.38 ms | User: Anonymous
[API LOG] POST /api/auth/login/ → 200 | 845.29 ms | User: Anonymous
[API LOG] GET /api/profile/ → 200 | 5.95 ms | User: Warda
[API LOG] GET /api/projects/my/ → 200 | 13.5 ms | User: Warda
[API LOG] POST /api/auth/login/ → 200 | 854.39 ms | User: Anonymous
[API LOG] GET /api/admin/messages/ → 200 | 14.96 ms | User: new_admin
[API LOG] GET /api/admin/projects/ → 200 | 51.27 ms | User: new_admin
[API LOG] GET /api/admin/users/ → 200 | 77.85 ms | User: new_admin
[API LOG] DELETE /api/auth/admin/users/35/delete/ → 204 | 24.71 ms | User: new_admin
[API LOG] GET /api/admin/users/ → 200 | 39.38 ms | User: new_admin
[API LOG] POST /api/auth/login/ → 401 | 845.66 ms | User: Anonymous
[API LOG] POST /api/auth/login/ → 401 | 815.19 ms | User: Anonymous
[API LOG] POST /api/auth/login/ → 200 | 869.5 ms | User: Anonymous
[API LOG] GET /api/admin/messages/ → 200 | 8.69 ms | User: new_admin
[API LOG] GET /api/admin/projects/ → 200 | 40.39 ms | User: new_admin
[API LOG] GET /api/admin/users/ → 200 | 68.82 ms | User: new_admin
[API LOG] DELETE /api/admin/projects/14/delete/ → 204 | 18.87 ms | User: new_admin
[API LOG] GET /api/admin/projects/ → 200 | 37.95 ms | User: new_admin
[API LOG] POST /api/auth/login/ → 200 | 833.91 ms | User: Anonymous
[API LOG] GET /api/profile/ → 200 | 4.4 ms | User: Warda
[API LOG] GET /api/projects/my/ → 200 | 11.87 ms | User: Warda
[API LOG] POST /api/auth/login/ → 200 | 881.44 ms | User: Anonymous
[API LOG] GET /api/admin/messages/ → 200 | 12.68 ms | User: new_admin
[API LOG] GET /api/admin/projects/ → 200 | 47.21 ms | User: new_admin
[API LOG] GET /api/admin/users/ → 200 | 67.96 ms | User: new_admin
[API LOG] GET /api/programmers/ → 200 | 39.89 ms | User: Anonymous
[API LOG] GET /api/programmers/4/ → 200 | 11.41 ms | User: Anonymous
[API LOG] POST /api/programmers/4/view/ → 200 | 13.78 ms | User: Anonymous
[API LOG] POST /api/programmers/4/rate/ → 200 | 28.52 ms | User: new_admin
[API LOG] GET /api/programmers/4/ → 200 | 4.69 ms | User: Anonymous
[API LOG] POST /api/programmers/4/view/ → 200 | 20.2 ms | User: Anonymous
[API LOG] POST /api/projects/create/4/ → 201 | 27.13 ms | User: new_admin
[API LOG] GET /api/profile/ → 200 | 4.93 ms | User: new_admin
[API LOG] GET /api/admin/messages/ → 200 | 37.67 ms | User: new_admin
[API LOG] GET /api/admin/projects/ → 200 | 79.43 ms | User: new_admin
[API LOG] GET /api/admin/users/ → 200 | 139.2 ms | User: new_admin
[API LOG] POST /api/auth/login/ → 401 | 856.1 ms | User: Anonymous
[API LOG] POST /api/auth/login/ → 401 | 891.85 ms | User: Anonymous
[API LOG] POST /api/auth/login/ → 401 | 859.65 ms | User: Anonymous
[API LOG] POST /api/auth/login/ → 200 | 810.07 ms | User: Anonymous
[API LOG] GET /api/profile/ → 200 | 13.3 ms | User: Hamze Ahmed
[API LOG] GET /api/projects/my/ → 200 | 24.37 ms | User: Hamze Ahmed
[API LOG] POST /api/projects/16/reject/ → 200 | 37.7 ms | User: Hamze Ahmed
[API LOG] GET /api/projects/my/ → 200 | 19.32 ms | User: Hamze Ahmed
[API LOG] POST /api/auth/login/ → 200 | 836.12 ms | User: Anonymous
[API LOG] GET /api/admin/messages/ → 200 | 8.19 ms | User: new_admin
[API LOG] GET /api/admin/projects/ → 200 | 50.5 ms | User: new_admin
[API LOG] GET /api/admin/users/ → 200 | 78.73 ms | User: new_admin
[API LOG] GET /api/profile/ → 401 | 59.67 ms | User: Anonymous
[API LOG] POST /api/auth/login/ → 200 | 835.76 ms | User: Anonymous
[API LOG] GET /api/profile/ → 200 | 10.46 ms | User: Amer
[API LOG] GET /api/projects/my/ → 200 | 9.25 ms | User: Amer
[API LOG] POST /api/auth/register/ → 201 | 858.26 ms | User: Anonymous
[API LOG] POST /api/auth/login/ → 200 | 736.73 ms | User: Anonymous
[API LOG] GET /api/profile/ → 200 | 8.02 ms | User: Huzef
[API LOG] GET /api/projects/my/ → 200 | 4.8 ms | User: Huzef
[API LOG] GET /api/programmers/ → 200 | 24.39 ms | User: Anonymous
[API LOG] GET /api/profile/ → 200 | 10.73 ms | User: Huzef
[API LOG] GET /api/projects/my/ → 200 | 7.81 ms | User: Huzef
[API LOG] POST /api/auth/register/ → 201 | 796.78 ms | User: Anonymous
[API LOG] POST /api/auth/login/ → 200 | 795.99 ms | User: Anonymous
[API LOG] GET /api/profile/ → 200 | 6.73 ms | User: Monther
[API LOG] GET /api/projects/my/ → 200 | 10.73 ms | User: Monther
[API LOG] GET /api/programmers/ → 200 | 54.42 ms | User: Anonymous
[API LOG] GET /api/profile/ → 200 | 8.33 ms | User: Monther
[API LOG] GET /api/projects/my/ → 200 | 7.14 ms | User: Monther
[API LOG] POST /api/auth/register/ → 201 | 845.85 ms | User: Anonymous
[API LOG] POST /api/auth/login/ → 200 | 797.54 ms | User: Anonymous
[API LOG] GET /api/profile/ → 200 | 6.65 ms | User: saeed
[API LOG] GET /api/projects/my/ → 200 | 7.25 ms | User: saeed
[API LOG] GET /api/programmers/ → 200 | 26.59 ms | User: Anonymous
[API LOG] GET /api/programmers/ → 200 | 35.29 ms | User: Anonymous
[API LOG] POST /api/auth/login/ → 200 | 825.69 ms | User: Anonymous
[API LOG] GET /api/admin/messages/ → 200 | 21.53 ms | User: new_admin
[API LOG] GET /api/admin/projects/ → 200 | 49.14 ms | User: new_admin
[API LOG] GET /api/admin/users/ → 200 | 85.6 ms | User: new_admin
[API LOG] POST /api/auth/register/ → 201 | 905.24 ms | User: Anonymous
[API LOG] POST /api/auth/login/ → 200 | 789.67 ms | User: Anonymous
[API LOG] GET /api/profile/ → 200 | 9.06 ms | User: Ismaiil
[API LOG] GET /api/projects/my/ → 200 | 4.62 ms | User: Ismaiil
[API LOG] GET /api/programmers/ → 200 | 30.18 ms | User: Anonymous
[API LOG] GET /api/profile/ → 401 | 32.7 ms | User: Anonymous
[API LOG] POST /api/auth/login/ → 200 | 1295.99 ms | User: Anonymous
[API LOG] GET /api/profile/ → 200 | 6.65 ms | User: Hamze Ahmed
[API LOG] GET /api/projects/my/ → 200 | 17.76 ms | User: Hamze Ahmed
[API LOG] GET /api/profile/ → 200 | 21.96 ms | User: Hamze Ahmed
[API LOG] GET /api/projects/my/ → 200 | 23.72 ms | User: Hamze Ahmed
[API LOG] GET /api/programmers/ → 200 | 33.54 ms | User: Anonymous
[API LOG] GET /api/programmers/ → 200 | 32.42 ms | User: Anonymous
